HTTrack3.49-2+htsswf+htsjava launched on Fri, 01 Mar 2024 14:40:18 at https://sifuochwingchun.com/ +*.png +*.gif +*.jpg +*.jpeg +*.css +*.js -ad.doubleclick.net/* -mime:application/foobar
(winhttrack -qwC2%Ps2u1%s%uN0%I0p3DaK0H0%kf2A25000%f#f -F "Mozilla/4.5 (compatible; HTTrack 3.0x; Windows 98)" -%F "<!-- Mirrored from %s%s by HTTrack Website Copier/3.x [XR&CO'2014], %s -->" -%l "en, *" https://sifuochwingchun.com/ -O1 "C:\projects\layer3tooling\wing-chun-chatbot\wing-chun-lakeland" +*.png +*.gif +*.jpg +*.jpeg +*.css +*.js -ad.doubleclick.net/* -mime:application/foobar )

Information, Warnings and Errors reported for this mirror:
note:	the hts-log.txt file, and hts-cache folder, may contain sensitive information,
	such as username/password authentication for websites mirrored in this project
	do not share these files/folders if you want these information to remain private

14:42:54	Error: 	"Bad Request" (400) at link https://sifuochwingchun.com/wp-admin/admin-ajax.php (from https://sifuochwingchun.com/)
14:42:55	Warning: 	Moved Permanently for sifuochwingchun.com/wp-content/themes/sifu-och/
14:42:55	Warning: 	Redirected link is identical because of 'URL Hack' option: sifuochwingchun.com/wp-content/themes/sifu-och/ and https://sifuochwingchun.com/wp-content/themes/sifu-och/
14:42:55	Warning: 	File has moved from sifuochwingchun.com/wp-content/themes/sifu-och/ to https://sifuochwingchun.com/wp-content/themes/sifu-och/
14:53:19	Error: 	"Not Found" (404) at link https://sifuochwingchun.com/POST (from https://connect.facebook.net/en_US/fbevents.js)
14:53:19	Error: 	"Not Found" (404) at link https://sifuochwingchun.com/schema.org/ (from https://connect.facebook.net/en_US/fbevents.js)
14:53:19	Error: 	"Not Found" (404) at link https://sifuochwingchun.com/b.resolvedLink (from https://connect.facebook.net/en_US/fbevents.js)
14:53:19	Error: 	"Not Found" (404) at link https://sifuochwingchun.com/signals/iwl.js (from https://connect.facebook.net/en_US/fbevents.js)
14:53:19	Warning: 	Moved Permanently for https://sifuochwingchun.com/?p=9658
14:53:19	Warning: 	File has moved from https://sifuochwingchun.com/?p=9658 to https://sifuochwingchun.com/about-sifu-och-wing-chun/
14:53:19	Warning: 	Moved Permanently for https://sifuochwingchun.com/?p=10576
14:53:19	Warning: 	File has moved from https://sifuochwingchun.com/?p=10576 to https://sifuochwingchun.com/sifu-justin-och-chief-wing-chun-instructor/
14:53:19	Warning: 	Moved Permanently for https://sifuochwingchun.com/?p=9948
14:53:19	Warning: 	File has moved from https://sifuochwingchun.com/?p=9948 to https://sifuochwingchun.com/instructors/
14:53:19	Warning: 	Moved Permanently for https://sifuochwingchun.com/?p=9683
14:53:19	Warning: 	File has moved from https://sifuochwingchun.com/?p=9683 to https://sifuochwingchun.com/video-gallery/
14:53:19	Warning: 	Moved Permanently for https://sifuochwingchun.com/?p=9682
14:53:19	Warning: 	File has moved from https://sifuochwingchun.com/?p=9682 to https://sifuochwingchun.com/photo-gallery/
14:53:19	Warning: 	Moved Permanently for https://sifuochwingchun.com/?p=9684
14:53:19	Warning: 	File has moved from https://sifuochwingchun.com/?p=9684 to https://sifuochwingchun.com/testimonials/
14:53:19	Warning: 	Moved Permanently for https://sifuochwingchun.com/?p=9685
14:53:19	Warning: 	File has moved from https://sifuochwingchun.com/?p=9685 to https://sifuochwingchun.com/florida-chinese-lion-dance-entertainment/
14:53:19	Warning: 	Moved Permanently for https://sifuochwingchun.com/?p=9686
14:53:19	Warning: 	File has moved from https://sifuochwingchun.com/?p=9686 to https://sifuochwingchun.com/yoga-classes-in-lakeland/
14:53:19	Warning: 	Moved Permanently for https://sifuochwingchun.com/?p=10225
14:53:19	Warning: 	File has moved from https://sifuochwingchun.com/?p=10225 to https://sifuochwingchun.com/about-sifu-och-wing-chun-wing-chun-kung-fu-history/
15:02:07	Warning: 	Moved Permanently for https://sifuochwingchun.com/?p=9671
15:02:07	Warning: 	File has moved from https://sifuochwingchun.com/?p=9671 to https://sifuochwingchun.com/adult-self-defense-classes/
15:02:07	Warning: 	Moved Permanently for https://sifuochwingchun.com/?p=9688
15:02:07	Warning: 	File has moved from https://sifuochwingchun.com/?p=9688 to https://sifuochwingchun.com/classes/lakeland-wing-chun-kung-fu-classes/
15:02:07	Warning: 	Moved Permanently for https://sifuochwingchun.com/?p=9689
15:02:07	Warning: 	File has moved from https://sifuochwingchun.com/?p=9689 to https://sifuochwingchun.com/classes/advanced-wing-chun-classes-lakeland-florida/
15:02:07	Warning: 	Moved Permanently for https://sifuochwingchun.com/?p=9691
15:02:07	Warning: 	File has moved from https://sifuochwingchun.com/?p=9691 to https://sifuochwingchun.com/classes/self-defense-classes/
15:02:07	Warning: 	Moved Permanently for https://sifuochwingchun.com/?p=9690
15:02:07	Warning: 	File has moved from https://sifuochwingchun.com/?p=9690 to https://sifuochwingchun.com/classes/private-wing-chun-classes/
15:02:07	Warning: 	Moved Permanently for https://sifuochwingchun.com/?p=9678
15:02:07	Warning: 	File has moved from https://sifuochwingchun.com/?p=9678 to https://sifuochwingchun.com/lakeland-kickboxing-classes-fitness-bootcamps/
15:02:07	Error: 	"Not Found" (404) at link https://img.youtube.com/vi/X4i5ZnvLkP4/sddefault.jpg (from https://sifuochwingchun.com/lakeland-kickboxing-classes-fitness-bootcamps/)
15:02:07	Error: 	"Not Found" (404) at link https://img.youtube.com/vi/Bu3ES7HFHhg/sddefault.jpg (from https://sifuochwingchun.com/lakeland-kickboxing-classes-fitness-bootcamps/)
15:02:07	Error: 	"Not Found" (404) at link https://img.youtube.com/vi/DEMo78iwgxM/sddefault.jpg (from https://sifuochwingchun.com/lakeland-kickboxing-classes-fitness-bootcamps/)
15:02:07	Warning: 	Moved Permanently for https://sifuochwingchun.com/?p=9692
15:02:07	Warning: 	File has moved from https://sifuochwingchun.com/?p=9692 to https://sifuochwingchun.com/classes/combination-kickboxing/
15:02:07	Warning: 	Moved Permanently for https://sifuochwingchun.com/?p=9693
15:02:07	Warning: 	File has moved from https://sifuochwingchun.com/?p=9693 to https://sifuochwingchun.com/classes/lakeland-group-fitness/
15:02:07	Warning: 	Moved Permanently for https://sifuochwingchun.com/?p=9675
15:02:07	Warning: 	File has moved from https://sifuochwingchun.com/?p=9675 to https://sifuochwingchun.com/kids-martial-arts-classes/
15:02:07	Error: 	"Not Found" (404) at link https://img.youtube.com/vi/UNb2DXKla8/sddefault.jpg (from https://sifuochwingchun.com/kids-martial-arts-classes/)
15:02:07	Warning: 	Moved Permanently for https://sifuochwingchun.com/?p=9695
15:02:07	Warning: 	File has moved from https://sifuochwingchun.com/?p=9695 to https://sifuochwingchun.com/classes/kids-martial-arts/
15:02:07	Warning: 	Moved Permanently for https://sifuochwingchun.com/?p=9696
15:02:07	Warning: 	File has moved from https://sifuochwingchun.com/?p=9696 to https://sifuochwingchun.com/classes/little-lions-preschool-martial-arts-lakeland/
15:02:07	Warning: 	Moved Permanently for https://sifuochwingchun.com/?p=9697
15:02:07	Warning: 	File has moved from https://sifuochwingchun.com/?p=9697 to https://sifuochwingchun.com/classes/lakeland-after-school-martial-arts-program/
15:02:07	Warning: 	Moved Permanently for https://sifuochwingchun.com/?p=9698
15:02:07	Warning: 	File has moved from https://sifuochwingchun.com/?p=9698 to https://sifuochwingchun.com/classes/kids-summer-camps-lakeland/
15:02:07	Warning: 	Moved Permanently for https://sifuochwingchun.com/?p=10441
15:02:07	Warning: 	File has moved from https://sifuochwingchun.com/?p=10441 to https://sifuochwingchun.com/classes/lakeland-holiday-day-camps/
15:02:07	Warning: 	Moved Permanently for https://sifuochwingchun.com/?p=59
15:02:07	Warning: 	File has moved from https://sifuochwingchun.com/?p=59 to https://sifuochwingchun.com/contact-sifu-och/
15:02:07	Warning: 	Retry after error -5 (Unable to get server's address: No such host is known. ) at link https://masterwingchun.local/wp-content/uploads/sifu-och-wing-chun-kung-fu-family-ip-man-lineage-lakeland-florida-usa.jpg (from https://sifuochwingchun.com/contact-sifu-och/)
15:02:13	Warning: 	Moved Permanently for https://sifuochwingchun.com/?p=11486
15:02:13	Warning: 	File has moved from https://sifuochwingchun.com/?p=11486 to https://sifuochwingchun.com/why-start-wing-chun-kung-fu/
15:02:13	Error: 	"Not Found" (404) at link https://sifuochwingchun.com/classes/ (from https://sifuochwingchun.com/why-start-wing-chun-kung-fu/)
15:02:21	Warning: 	Moved Permanently for https://sifuochwingchun.com/?p=9405
15:02:21	Warning: 	File has moved from https://sifuochwingchun.com/?p=9405 to https://sifuochwingchun.com/my-first-year-of-wing-chun-at-sifu-och-kung-fu/
15:02:25	Error: 	"Not Found" (404) at link https://sifuochwingchun.com/testimonials/lakeland-martial-art-studio-one-big-family/ (from https://sifuochwingchun.com/my-first-year-of-wing-chun-at-sifu-och-kung-fu/)
15:02:28	Error: 	"Not Found" (404) at link https://sifuochwingchun.com/testimonials/never-thought-anything-effective-previous-karate-martial-arts-training/ (from https://sifuochwingchun.com/my-first-year-of-wing-chun-at-sifu-och-kung-fu/)
15:02:49	Warning: 	Moved Permanently for https://sifuochwingchun.com/?p=9379
15:02:49	Warning: 	File has moved from https://sifuochwingchun.com/?p=9379 to https://sifuochwingchun.com/building-a-fun-kung-fu-kids-class/
15:02:52	Warning: 	Moved Permanently for https://sifuochwingchun.com/?p=9259
15:02:52	Warning: 	File has moved from https://sifuochwingchun.com/?p=9259 to https://sifuochwingchun.com/kickboxing-classes-lakeland-fl/
15:03:06	Error: 	"Not Found" (404) at link https://sifuochwingchun.com/classes/lakeland-kickboxing-classes-fitness-bootcamps/ (from https://sifuochwingchun.com/kickboxing-classes-lakeland-fl/)
15:03:12	Warning: 	Moved Permanently for https://sifuochwingchun.com/?p=9204
15:03:12	Warning: 	File has moved from https://sifuochwingchun.com/?p=9204 to https://sifuochwingchun.com/sifu-ochs-three-sections-teaching/
15:03:26	Warning: 	Moved Permanently for https://sifuochwingchun.com/?p=9029
15:03:26	Warning: 	File has moved from https://sifuochwingchun.com/?p=9029 to https://sifuochwingchun.com/when-to-teach-wooden-dummy-chi-sao/
15:03:26	Warning: 	Moved Permanently for https://sifuochwingchun.com/?p=9007
15:03:26	Warning: 	File has moved from https://sifuochwingchun.com/?p=9007 to https://sifuochwingchun.com/4-ways-to-intercept/
15:03:34	Warning: 	Moved Permanently for https://sifuochwingchun.com/?p=8959
15:03:34	Warning: 	File has moved from https://sifuochwingchun.com/?p=8959 to https://sifuochwingchun.com/afterschool-kung-fu-fun/
15:03:45	Warning: 	Moved Permanently for https://sifuochwingchun.com/?p=8960
15:03:45	Warning: 	File has moved from https://sifuochwingchun.com/?p=8960 to https://sifuochwingchun.com/the-strength-of-my-wing-chun/
15:03:45	Warning: 	Moved Permanently for https://sifuochwingchun.com/?p=8920
15:03:45	Warning: 	File has moved from https://sifuochwingchun.com/?p=8920 to https://sifuochwingchun.com/a-letter-to-myself-marcus-morales/
15:03:56	Error: 	"Not Found" (404) at link https://sifuochwingchun.com/wp-content/plugins/caldera-forms/assets/build/css/minicolor-colors.png (from https://sifuochwingchun.com/wp-content/plugins/caldera-forms/assets/build/css/caldera-forms-front.min.css?ver=1.9.7)
15:11:41	Warning: 	Moved Permanently for https://sifuochwingchun.com/?p=8317
15:11:41	Warning: 	File has moved from https://sifuochwingchun.com/?p=8317 to https://sifuochwingchun.com/martial-arts-make-kids-violent/
15:11:41	Warning: 	Moved Permanently for https://sifuochwingchun.com/?p=7558
15:11:41	Warning: 	File has moved from https://sifuochwingchun.com/?p=7558 to https://sifuochwingchun.com/phoenix-eye-fist/
15:11:41	Error: 	"Method Not Allowed" (405) at link https://sifuochwingchun.com/xmlrpc.php (from https://sifuochwingchun.com/phoenix-eye-fist/)
15:11:50	Warning: 	Moved Permanently for https://sifuochwingchun.com/?p=381
15:11:50	Warning: 	File has moved from https://sifuochwingchun.com/?p=381 to https://sifuochwingchun.com/best-martial-arts-class/
15:11:50	Error: 	"Not Found" (404) at link https://sifuochwingchun.com/calendar/ (from https://sifuochwingchun.com/best-martial-arts-class/)
15:12:00	Warning: 	Moved Permanently for https://sifuochwingchun.com/?p=8790
15:12:00	Warning: 	File has moved from https://sifuochwingchun.com/?p=8790 to https://sifuochwingchun.com/the-kickers-guide-h-z-part-ii/
15:12:00	Warning: 	Moved Permanently for https://sifuochwingchun.com/?p=2145
15:12:00	Warning: 	File has moved from https://sifuochwingchun.com/?p=2145 to https://sifuochwingchun.com/wing-chun-hidden-reserves-sifu-och/
15:12:03	Warning: 	Moved Permanently for https://sifuochwingchun.com/?p=7842
15:12:03	Warning: 	File has moved from https://sifuochwingchun.com/?p=7842 to https://sifuochwingchun.com/fighting-fitness-fit-fight/
15:12:03	Error: 	"Not Found" (404) at link https://sifuochwingchun.com/classes/lakeland-kickboxing-weight-loss-bootcamp/ (from https://sifuochwingchun.com/fighting-fitness-fit-fight/)
15:12:07	Warning: 	Moved Permanently for https://sifuochwingchun.com/?p=164
15:12:07	Warning: 	File has moved from https://sifuochwingchun.com/?p=164 to https://sifuochwingchun.com/low-impact-martial-arts/
15:12:07	Error: 	"Not Found" (404) at link https://sifuochwingchun.com/wp-content/uploads/2011/12/florida-wing-chun-kung-fu-chi-sau-sifu-och-florida.jpg (from https://sifuochwingchun.com/low-impact-martial-arts/)
15:12:13	Warning: 	Moved Permanently for https://sifuochwingchun.com/?p=1778
15:12:13	Warning: 	File has moved from https://sifuochwingchun.com/?p=1778 to https://sifuochwingchun.com/wing-chun-principles-shortest-distance/
15:12:20	Warning: 	Moved Permanently for https://sifuochwingchun.com/?p=8737
15:12:20	Warning: 	File has moved from https://sifuochwingchun.com/?p=8737 to https://sifuochwingchun.com/wing-chun-vs-tae-kwon-do/
15:12:20	Warning: 	Moved Permanently for https://sifuochwingchun.com/?p=2117
15:12:20	Warning: 	File has moved from https://sifuochwingchun.com/?p=2117 to https://sifuochwingchun.com/wing-chun-universal-kung-fu-kung-fu/
15:12:20	Warning: 	Moved Permanently for https://sifuochwingchun.com/?p=2770
15:12:20	Warning: 	File has moved from https://sifuochwingchun.com/?p=2770 to https://sifuochwingchun.com/international-wing-chun-day/
15:12:24	Warning: 	Moved Permanently for https://sifuochwingchun.com/?p=3249
15:12:24	Warning: 	File has moved from https://sifuochwingchun.com/?p=3249 to https://sifuochwingchun.com/self-defense/
15:12:27	Warning: 	Moved Permanently for https://sifuochwingchun.com/?p=7925
15:12:27	Warning: 	File has moved from https://sifuochwingchun.com/?p=7925 to https://sifuochwingchun.com/your-own-martial-arts-secret/
15:12:27	Error: 	"Not Found" (404) at link https://sifuochwingchun.com/testimonials/prior-martial-arts-training-kickboxing-brazilian-jiujitsu-karate-muay-thai/ (from https://sifuochwingchun.com/your-own-martial-arts-secret/)
15:12:33	Warning: 	Moved Permanently for https://sifuochwingchun.com/?p=1163
15:12:33	Warning: 	File has moved from https://sifuochwingchun.com/?p=1163 to https://sifuochwingchun.com/lakeland-ledger-lion-dance-at-the-museum/
15:12:33	Error: 	"Not Found" (404) at link https://sifuochwingchun.com/lion-dance-dragon-dance/ (from https://sifuochwingchun.com/lakeland-ledger-lion-dance-at-the-museum/)
15:12:36	Warning: 	Moved Permanently for https://sifuochwingchun.com/?p=2134
15:12:36	Warning: 	File has moved from https://sifuochwingchun.com/?p=2134 to https://sifuochwingchun.com/universal-wing-chun-applications/
15:12:45	Warning: 	Moved Permanently for https://sifuochwingchun.com/?p=7517
15:12:45	Warning: 	File has moved from https://sifuochwingchun.com/?p=7517 to https://sifuochwingchun.com/kung-fu-winter-haven-fl/
15:12:59	Error: 	"Not Found" (404) at link https://sifuochwingchun.com/wp-content/uploads/17949992_10212076512843196_1955888396_o-225x300.jpg (from https://sifuochwingchun.com/blocking-and-attacking-5-moves-for-disruption/)
15:12:59	Warning: 	Moved Permanently for https://sifuochwingchun.com/?p=8755
15:12:59	Warning: 	File has moved from https://sifuochwingchun.com/?p=8755 to https://sifuochwingchun.com/blocking-and-attacking-5-moves-for-disruption/
15:13:05	Warning: 	Moved Permanently for https://sifuochwingchun.com/?p=8582
15:13:05	Warning: 	File has moved from https://sifuochwingchun.com/?p=8582 to https://sifuochwingchun.com/growth-in-wing-chun/
15:13:05	Warning: 	Moved Permanently for https://sifuochwingchun.com/?p=3460
15:13:05	Warning: 	File has moved from https://sifuochwingchun.com/?p=3460 to https://sifuochwingchun.com/martial-arts-help/
15:13:05	Warning: 	Moved Permanently for https://sifuochwingchun.com/?p=1710
15:13:05	Warning: 	File has moved from https://sifuochwingchun.com/?p=1710 to https://sifuochwingchun.com/wing-chun-timing-and-range/
15:13:07	Warning: 	Moved Permanently for https://sifuochwingchun.com/?p=1180
15:13:07	Warning: 	File has moved from https://sifuochwingchun.com/?p=1180 to https://sifuochwingchun.com/downtown-lakeland-martial-arts/
15:13:09	Warning: 	Moved Permanently for https://sifuochwingchun.com/?p=8313
15:13:09	Warning: 	File has moved from https://sifuochwingchun.com/?p=8313 to https://sifuochwingchun.com/wing-chuns-weakness-long-range-fighting/
15:13:09	Warning: 	Moved Permanently for https://sifuochwingchun.com/?p=1736
15:13:09	Warning: 	File has moved from https://sifuochwingchun.com/?p=1736 to https://sifuochwingchun.com/wing-chun-proven-self-defense-part-1/
15:13:09	Warning: 	Moved Permanently for https://sifuochwingchun.com/blog/wing-chun-proven-self-defense-part-1/
15:13:09	Warning: 	File has moved from https://sifuochwingchun.com/blog/wing-chun-proven-self-defense-part-1/ to https://sifuochwingchun.com/wing-chun-proven-self-defense-part-1/
15:13:09	Error: 	"Not Found" (404) at link https://sifuochwingchun.com/blog/wing-chun-proven-self-defense-part-2/ (from https://sifuochwingchun.com/wing-chun-proven-self-defense-part-1/)
15:13:13	Warning: 	Moved Permanently for https://sifuochwingchun.com/?p=8032
15:13:13	Warning: 	File has moved from https://sifuochwingchun.com/?p=8032 to https://sifuochwingchun.com/history-of-kendo/
15:13:13	Error: 	"Not Found" (404) at link https://sifuochwingchun.com/marketing/wing-chun-kung-fu-classes/ (from https://sifuochwingchun.com/history-of-kendo/)
15:13:19	Warning: 	Moved Permanently for https://sifuochwingchun.com/?p=7853
15:13:19	Warning: 	File has moved from https://sifuochwingchun.com/?p=7853 to https://sifuochwingchun.com/developing-the-student-mindset/
15:13:19	Error: 	"Not Found" (404) at link https://sifuochwingchun.com/instructors/sifu-justin-och-chief-wing-chun-instructor/ (from https://sifuochwingchun.com/developing-the-student-mindset/)
15:13:23	Warning: 	Moved Permanently for https://sifuochwingchun.com/?p=8327
15:13:23	Warning: 	File has moved from https://sifuochwingchun.com/?p=8327 to https://sifuochwingchun.com/sifu-och-after-school-program/
15:13:23	Warning: 	Moved Permanently for https://sifuochwingchun.com/?p=3113
15:13:23	Warning: 	File has moved from https://sifuochwingchun.com/?p=3113 to https://sifuochwingchun.com/david-peterson-wsl-ving-tsun/
15:13:24	Warning: 	Moved Permanently for https://sifuochwingchun.com/?p=8132
15:13:24	Warning: 	File has moved from https://sifuochwingchun.com/?p=8132 to https://sifuochwingchun.com/florida-chinese-lion-dance-performance-entertainment/
15:13:27	Error: 	"Not Found" (404) at link https://sifuochwingchun.com/contact-sifu-och/lion-dance-dragon-dance/ (from https://sifuochwingchun.com/florida-chinese-lion-dance-performance-entertainment/)
15:13:27	Warning: 	Moved Permanently for https://sifuochwingchun.com/?p=1026
15:13:27	Warning: 	File has moved from https://sifuochwingchun.com/?p=1026 to https://sifuochwingchun.com/lakeland-fl-women-self-defense-wing-chun/
15:13:37	Warning: 	Moved Permanently for https://sifuochwingchun.com/?p=8111
15:13:37	Warning: 	File has moved from https://sifuochwingchun.com/?p=8111 to https://sifuochwingchun.com/chinese-new-year-in-tampa-lion-dance-tampa/
15:13:37	Warning: 	Moved Permanently for https://sifuochwingchun.com/?p=7083
15:13:37	Warning: 	File has moved from https://sifuochwingchun.com/?p=7083 to https://sifuochwingchun.com/gun-and-knife-offense-and-defense-training/
15:13:47	Warning: 	Moved Permanently for https://sifuochwingchun.com/?p=7766
15:13:47	Warning: 	File has moved from https://sifuochwingchun.com/?p=7766 to https://sifuochwingchun.com/jackie-chan-wing-chun-kung-fu/
15:14:30	Warning: 	Retry after error -5 (Unable to get server's address: unknown error) at link https://masterwingchun.local/wp-content/uploads/sifu-och-wing-chun-kung-fu-family-ip-man-lineage-lakeland-florida-usa.jpg (from https://sifuochwingchun.com/contact-sifu-och/)
15:14:37	Warning: 	Moved Permanently for https://sifuochwingchun.com/?p=3491
15:14:37	Warning: 	File has moved from https://sifuochwingchun.com/?p=3491 to https://sifuochwingchun.com/wing-chun-self-defense/
15:14:39	Warning: 	Moved Permanently for https://sifuochwingchun.com/?p=8928
15:14:39	Warning: 	File has moved from https://sifuochwingchun.com/?p=8928 to https://sifuochwingchun.com/lose-weight-fast/
15:14:39	Warning: 	Moved Permanently for https://sifuochwingchun.com/?p=9411
15:14:39	Warning: 	File has moved from https://sifuochwingchun.com/?p=9411 to https://sifuochwingchun.com/my-first-year-of-wing-chun-at-sifu-och-kung-fu/img_9853/
15:14:39	Warning: 	Moved Permanently for https://sifuochwingchun.com/?p=9410
15:14:39	Warning: 	File has moved from https://sifuochwingchun.com/?p=9410 to https://sifuochwingchun.com/my-first-year-of-wing-chun-at-sifu-och-kung-fu/img_9857/
15:14:41	Warning: 	Moved Permanently for https://sifuochwingchun.com/?p=9413
15:14:41	Warning: 	File has moved from https://sifuochwingchun.com/?p=9413 to https://sifuochwingchun.com/my-first-year-of-wing-chun-at-sifu-och-kung-fu/img_9842/
15:14:41	Warning: 	Moved Permanently for https://sifuochwingchun.com/?p=9415
15:14:41	Warning: 	File has moved from https://sifuochwingchun.com/?p=9415 to https://sifuochwingchun.com/my-first-year-of-wing-chun-at-sifu-och-kung-fu/roundhouse/
15:14:43	Warning: 	Moved Permanently for https://sifuochwingchun.com/?p=9412
15:14:43	Warning: 	File has moved from https://sifuochwingchun.com/?p=9412 to https://sifuochwingchun.com/my-first-year-of-wing-chun-at-sifu-och-kung-fu/img_9850/
15:14:43	Warning: 	Moved Permanently for https://sifuochwingchun.com/?p=9414
15:14:43	Warning: 	File has moved from https://sifuochwingchun.com/?p=9414 to https://sifuochwingchun.com/my-first-year-of-wing-chun-at-sifu-och-kung-fu/img_9836/
15:14:43	Warning: 	Moved Permanently for https://sifuochwingchun.com/?p=8845
15:14:43	Warning: 	File has moved from https://sifuochwingchun.com/?p=8845 to https://sifuochwingchun.com/road-to-orange-dixon-kwok/
15:14:45	Warning: 	Moved Permanently for https://sifuochwingchun.com/?p=8221
15:14:45	Warning: 	File has moved from https://sifuochwingchun.com/?p=8221 to https://sifuochwingchun.com/history-of-the-chinese-lion-dance/
15:14:45	Warning: 	Moved Permanently for https://sifuochwingchun.com/?p=1491
15:14:45	Warning: 	File has moved from https://sifuochwingchun.com/?p=1491 to https://sifuochwingchun.com/florida-setting-goals-making-leaders/
15:14:50	Warning: 	Moved Permanently for https://sifuochwingchun.com/?p=9267
15:14:50	Warning: 	File has moved from https://sifuochwingchun.com/?p=9267 to https://sifuochwingchun.com/kickboxing-classes-lakeland-fl/kickboxing-classes-in-lakeland-fl/
15:14:50	Warning: 	Moved Permanently for https://sifuochwingchun.com/?p=9263
15:14:50	Warning: 	File has moved from https://sifuochwingchun.com/?p=9263 to https://sifuochwingchun.com/kickboxing-classes-lakeland-fl/kickboxing-near-me-lakeland-fl-women/
15:14:50	Warning: 	Moved Permanently for https://sifuochwingchun.com/?p=9265
15:14:50	Warning: 	File has moved from https://sifuochwingchun.com/?p=9265 to https://sifuochwingchun.com/kickboxing-classes-lakeland-fl/kickboxing-lakeland-florida/
15:14:50	Warning: 	Moved Permanently for https://sifuochwingchun.com/?p=9264
15:14:50	Warning: 	File has moved from https://sifuochwingchun.com/?p=9264 to https://sifuochwingchun.com/kickboxing-classes-lakeland-fl/lakeland-kickboxing-classes-for-women/
15:14:50	Warning: 	Moved Permanently for https://sifuochwingchun.com/?p=9266
15:14:50	Warning: 	File has moved from https://sifuochwingchun.com/?p=9266 to https://sifuochwingchun.com/kickboxing-classes-lakeland-fl/kickboxing-lakeland-fl/
15:14:50	Warning: 	Moved Permanently for https://sifuochwingchun.com/?p=8026
15:14:50	Warning: 	File has moved from https://sifuochwingchun.com/?p=8026 to https://sifuochwingchun.com/too-young-for-martial-arts/
15:14:50	Warning: 	Moved Permanently for https://sifuochwingchun.com/kids-martial-arts-classes/little-lions-preschool-martial-arts-lakeland/
15:14:50	Warning: 	File has moved from https://sifuochwingchun.com/kids-martial-arts-classes/little-lions-preschool-martial-arts-lakeland/ to https://sifuochwingchun.com/little-lions-preschool-martial-arts-lakeland-3/
15:14:50	Warning: 	Moved Permanently for https://sifuochwingchun.com/kids-martial-arts-classes/kids-martial-arts/
15:14:50	Warning: 	File has moved from https://sifuochwingchun.com/kids-martial-arts-classes/kids-martial-arts/ to https://sifuochwingchun.com/classes/kids-martial-arts/
15:14:50	Warning: 	Moved Permanently for https://sifuochwingchun.com/?p=7587
15:14:50	Warning: 	File has moved from https://sifuochwingchun.com/?p=7587 to https://sifuochwingchun.com/wing-chun-shadow-kick/
15:14:52	Warning: 	Moved Permanently for https://sifuochwingchun.com/?p=9230
15:14:52	Warning: 	File has moved from https://sifuochwingchun.com/?p=9230 to https://sifuochwingchun.com/sifu-ochs-three-sections-teaching/wing-chun-coach-training/
15:14:52	Warning: 	Moved Permanently for https://sifuochwingchun.com/?p=8863
15:14:52	Warning: 	File has moved from https://sifuochwingchun.com/?p=8863 to https://sifuochwingchun.com/the-3-training-cycles-of-martial-arts-tips-for-the-beginner/
15:14:54	Warning: 	Moved Permanently for https://sifuochwingchun.com/?p=1436
15:14:54	Warning: 	File has moved from https://sifuochwingchun.com/?p=1436 to https://sifuochwingchun.com/the-traditional-martial-arts-mindset/
15:14:57	Warning: 	Moved Permanently for https://sifuochwingchun.com/?p=1797
15:14:57	Warning: 	File has moved from https://sifuochwingchun.com/?p=1797 to https://sifuochwingchun.com/sifu-och-wing-chun-body-weapon/
15:14:57	Warning: 	Moved Permanently for https://sifuochwingchun.com/?p=3443
15:14:57	Warning: 	File has moved from https://sifuochwingchun.com/?p=3443 to https://sifuochwingchun.com/lakeland-wing-chun-combative/
15:14:57	Error: 	"Not Found" (404) at link https://sifuochwingchun.com/classes/wing-chun-lakeland-florida/ (from https://sifuochwingchun.com/lakeland-wing-chun-combative/)
15:14:57	Error: 	"Not Found" (404) at link https://sifuochwingchun.com/about-sifu-och-wing-chun/dr-sifu-justin-och-biography/ (from https://sifuochwingchun.com/lakeland-wing-chun-combative/)
15:14:57	Warning: 	Moved Permanently for https://sifuochwingchun.com/?p=8223
15:14:57	Warning: 	File has moved from https://sifuochwingchun.com/?p=8223 to https://sifuochwingchun.com/worst-case-scenario-self-defense/
15:14:57	Warning: 	Moved Permanently for https://sifuochwingchun.com/?p=8692
15:14:57	Warning: 	File has moved from https://sifuochwingchun.com/?p=8692 to https://sifuochwingchun.com/afterschool-martial-arts-showing-you-care/
15:14:57	Warning: 	Moved Permanently for https://sifuochwingchun.com/kids-martial-arts-classes/lakeland-after-school-martial-arts-program/
15:14:57	Warning: 	File has moved from https://sifuochwingchun.com/kids-martial-arts-classes/lakeland-after-school-martial-arts-program/ to https://sifuochwingchun.com/classes/lakeland-after-school-martial-arts-program/
15:14:57	Warning: 	Moved Permanently for https://sifuochwingchun.com/?p=7754
15:14:57	Warning: 	File has moved from https://sifuochwingchun.com/?p=7754 to https://sifuochwingchun.com/how-to-wu-sau-correctly/
15:14:57	Warning: 	Moved Permanently for https://sifuochwingchun.com/?p=7886
15:14:57	Warning: 	File has moved from https://sifuochwingchun.com/?p=7886 to https://sifuochwingchun.com/learn-these-three-moves-for-self-defense/
15:14:57	Warning: 	Moved Permanently for https://sifuochwingchun.com/?p=7840
15:14:57	Warning: 	File has moved from https://sifuochwingchun.com/?p=7840 to https://sifuochwingchun.com/top-3-reasons-to-train/top-3-reasons-to-train-with-sifu-och-family/
15:14:57	Warning: 	Moved Permanently for https://sifuochwingchun.com/?p=8899
15:14:57	Warning: 	File has moved from https://sifuochwingchun.com/?p=8899 to https://sifuochwingchun.com/sal-ficaro-ageless-training/
15:14:59	Warning: 	Moved Permanently for https://sifuochwingchun.com/?p=7589
15:14:59	Warning: 	File has moved from https://sifuochwingchun.com/?p=7589 to https://sifuochwingchun.com/wing-chun-rooting-martial-arts/
15:14:59	Warning: 	Moved Permanently for https://sifuochwingchun.com/?p=8298
15:14:59	Warning: 	File has moved from https://sifuochwingchun.com/?p=8298 to https://sifuochwingchun.com/krav-maga-versus-wing-chun/
15:15:02	Warning: 	Moved Permanently for https://sifuochwingchun.com/?p=3184
15:15:02	Warning: 	File has moved from https://sifuochwingchun.com/?p=3184 to https://sifuochwingchun.com/next-level-wing-chun/
15:15:10	Warning: 	Moved Permanently for https://sifuochwingchun.com/?p=7876
15:15:10	Warning: 	File has moved from https://sifuochwingchun.com/?p=7876 to https://sifuochwingchun.com/elongated-rotator-cuff-wing-chun-killer/
15:15:10	Warning: 	Moved Permanently for https://sifuochwingchun.com/?p=7544
15:15:10	Warning: 	File has moved from https://sifuochwingchun.com/?p=7544 to https://sifuochwingchun.com/learning-martial-arts-lakeland-fl/
15:15:10	Warning: 	Moved Permanently for https://sifuochwingchun.com/?p=3267
15:15:10	Warning: 	File has moved from https://sifuochwingchun.com/?p=3267 to https://sifuochwingchun.com/wing-chun-kung-fu-beginners/
15:15:10	Warning: 	Moved Permanently for https://sifuochwingchun.com/?p=2906
15:15:10	Warning: 	File has moved from https://sifuochwingchun.com/?p=2906 to https://sifuochwingchun.com/sifu-justin-och-fishing-trip/
15:15:14	Warning: 	Moved Permanently for https://sifuochwingchun.com/?p=2427
15:15:14	Warning: 	File has moved from https://sifuochwingchun.com/?p=2427 to https://sifuochwingchun.com/wing-chun-kung-fu-lakeland-fl/
15:15:14	Warning: 	Moved Permanently for https://sifuochwingchun.com/?p=693
15:15:14	Warning: 	File has moved from https://sifuochwingchun.com/?p=693 to https://sifuochwingchun.com/natural-help-for-adhd/
15:15:17	Warning: 	Moved Permanently for https://sifuochwingchun.com/?p=3600
15:15:17	Warning: 	File has moved from https://sifuochwingchun.com/?p=3600 to https://sifuochwingchun.com/i-love-wing-chun-kung-fu/
15:15:17	Warning: 	Moved Permanently for https://sifuochwingchun.com/?p=7099
15:15:17	Warning: 	File has moved from https://sifuochwingchun.com/?p=7099 to https://sifuochwingchun.com/modern-shaolin-weapon-training-the-wing-chun-fighter/
15:15:17	Error: 	"Not Found" (404) at link https://sifuochwingchun.com/classes/advanced-wing-chun-classes/florida-wing-chun-street-fight-tampa-florida-wing-chun-street-fight/ (from https://sifuochwingchun.com/modern-shaolin-weapon-training-the-wing-chun-fighter/)
15:15:17	Error: 	"Not Found" (404) at link https://sifuochwingchun.com/classes/advanced-wing-chun-classes/ip-ching-ip-chun-tampa-florida-wing-chun-school-chi-sau/ (from https://sifuochwingchun.com/modern-shaolin-weapon-training-the-wing-chun-fighter/)
15:15:19	Warning: 	Moved Permanently for https://sifuochwingchun.com/?p=7569
15:15:19	Warning: 	File has moved from https://sifuochwingchun.com/?p=7569 to https://sifuochwingchun.com/practical-self-defense-stance-structure/
15:15:19	Warning: 	Moved Permanently for https://sifuochwingchun.com/?p=8701
15:15:19	Warning: 	File has moved from https://sifuochwingchun.com/?p=8701 to https://sifuochwingchun.com/kung-fu-kids-keeping-your-kids-engaged/
15:15:19	Warning: 	Moved Permanently for https://sifuochwingchun.com/kids-martial-arts-classes/kids-summer-camps/
15:15:19	Warning: 	File has moved from https://sifuochwingchun.com/kids-martial-arts-classes/kids-summer-camps/ to https://sifuochwingchun.com/classes/kids-summer-camps-lakeland/
15:15:21	Warning: 	Moved Permanently for https://sifuochwingchun.com/?p=8698
15:15:21	Warning: 	File has moved from https://sifuochwingchun.com/?p=8698 to https://sifuochwingchun.com/lakeland-afterschool-and-summer-camp-fun/
15:15:24	Warning: 	Moved Permanently for https://sifuochwingchun.com/?p=3001
15:15:24	Warning: 	File has moved from https://sifuochwingchun.com/?p=3001 to https://sifuochwingchun.com/greatness-wing-chun-stances-rooting/
15:15:24	Warning: 	Moved Permanently for https://sifuochwingchun.com/?p=3560
15:15:24	Warning: 	File has moved from https://sifuochwingchun.com/?p=3560 to https://sifuochwingchun.com/wing-chun-beginner/
15:15:24	Warning: 	Moved Permanently for https://sifuochwingchun.com/?p=8889
15:15:24	Warning: 	File has moved from https://sifuochwingchun.com/?p=8889 to https://sifuochwingchun.com/hung-nguyen-reaching-orange-belt/
15:15:24	Warning: 	Moved Permanently for https://sifuochwingchun.com/?p=2083
15:15:24	Warning: 	File has moved from https://sifuochwingchun.com/?p=2083 to https://sifuochwingchun.com/wing-chun-fighter-mindset-lakeland/
15:15:26	Warning: 	Moved Permanently for https://sifuochwingchun.com/?p=8601
15:15:26	Warning: 	File has moved from https://sifuochwingchun.com/?p=8601 to https://sifuochwingchun.com/top-10-reasons-to-send-your-kid-to-summer-camp/
15:15:27	Warning: 	Moved Permanently for https://sifuochwingchun.com/?p=2307
15:15:27	Warning: 	File has moved from https://sifuochwingchun.com/?p=2307 to https://sifuochwingchun.com/wing-chun-forms/
15:15:27	Warning: 	Moved Permanently for https://sifuochwingchun.com/?p=8267
15:15:27	Warning: 	File has moved from https://sifuochwingchun.com/?p=8267 to https://sifuochwingchun.com/martial-arts-school-safety/
15:15:27	Warning: 	Moved Permanently for https://sifuochwingchun.com/?p=3413
15:15:27	Warning: 	File has moved from https://sifuochwingchun.com/?p=3413 to https://sifuochwingchun.com/wing-chun-weakness-part-ii/
15:15:27	Warning: 	Moved Permanently for https://sifuochwingchun.com/?p=1268
15:15:27	Warning: 	File has moved from https://sifuochwingchun.com/?p=1268 to https://sifuochwingchun.com/wing-chun-life/
15:15:27	Warning: 	Moved Permanently for https://sifuochwingchun.com/?p=2724
15:15:27	Warning: 	File has moved from https://sifuochwingchun.com/?p=2724 to https://sifuochwingchun.com/first-year-in-wing-chun-kung-fu-fl/
15:15:32	Warning: 	Moved Permanently for https://sifuochwingchun.com/?p=8604
15:15:32	Warning: 	File has moved from https://sifuochwingchun.com/?p=8604 to https://sifuochwingchun.com/wing-chun-vs-jab-cross-hook-takedown/
15:15:32	Warning: 	Moved Permanently for https://sifuochwingchun.com/?p=3856
15:15:32	Warning: 	File has moved from https://sifuochwingchun.com/?p=3856 to https://sifuochwingchun.com/is-wing-chun-practical-street-fights/
15:15:32	Warning: 	Moved Permanently for https://sifuochwingchun.com/krav-maga-lakeland-fl/5261/
15:15:32	Warning: 	File has moved from https://sifuochwingchun.com/krav-maga-lakeland-fl/5261/ to https://sifuochwingchun.com/krav-maga-lakeland-fl/
15:15:32	Warning: 	Moved Permanently for https://sifuochwingchun.com/?p=1928
15:15:32	Warning: 	File has moved from https://sifuochwingchun.com/?p=1928 to https://sifuochwingchun.com/bully-self-defense-sifu-och-wing-chun/
15:15:32	Warning: 	Moved Permanently for https://sifuochwingchun.com/kids-classes/kids-martial-arts/
15:15:32	Warning: 	File has moved from https://sifuochwingchun.com/kids-classes/kids-martial-arts/ to https://sifuochwingchun.com/classes/kids-martial-arts/
15:15:32	Warning: 	Moved Permanently for https://sifuochwingchun.com/kids-classes/lakeland-after-school-martial-arts-program/
15:15:32	Warning: 	File has moved from https://sifuochwingchun.com/kids-classes/lakeland-after-school-martial-arts-program/ to https://sifuochwingchun.com/classes/lakeland-after-school-martial-arts-program/
15:15:32	Warning: 	Moved Permanently for https://sifuochwingchun.com/?p=701
15:15:32	Warning: 	File has moved from https://sifuochwingchun.com/?p=701 to https://sifuochwingchun.com/weaknesses-wing-chun-sucks/
15:15:36	Warning: 	Moved Permanently for https://sifuochwingchun.com/?p=7782
15:15:36	Warning: 	File has moved from https://sifuochwingchun.com/?p=7782 to https://sifuochwingchun.com/when-its-life-or-death/
15:15:51	Warning: 	Moved Permanently for https://sifuochwingchun.com/?p=8946
15:15:51	Warning: 	File has moved from https://sifuochwingchun.com/?p=8946 to https://sifuochwingchun.com/my-journey-toward-wing-chun/
15:15:51	Warning: 	Moved Permanently for https://sifuochwingchun.com/?p=8906
15:15:51	Warning: 	File has moved from https://sifuochwingchun.com/?p=8906 to https://sifuochwingchun.com/my-journey-into-wing-chun-rich-dorsey/
15:15:51	Warning: 	Moved Permanently for https://sifuochwingchun.com/?p=8883
15:15:51	Warning: 	File has moved from https://sifuochwingchun.com/?p=8883 to https://sifuochwingchun.com/tony-plasse-becoming-an-orange/
15:15:51	Warning: 	Moved Permanently for https://sifuochwingchun.com/?p=8874
15:15:51	Warning: 	File has moved from https://sifuochwingchun.com/?p=8874 to https://sifuochwingchun.com/your-black-belt-journey/
15:15:51	Warning: 	Moved Permanently for https://sifuochwingchun.com/?p=8855
15:15:51	Warning: 	File has moved from https://sifuochwingchun.com/?p=8855 to https://sifuochwingchun.com/jacob-cramer-orange-sash-pre-requisite-paper/
15:15:51	Warning: 	Moved Permanently for https://sifuochwingchun.com/?p=8804
15:15:51	Warning: 	File has moved from https://sifuochwingchun.com/?p=8804 to https://sifuochwingchun.com/importance-of-martial-art-forms/
15:15:53	Warning: 	Moved Permanently for https://sifuochwingchun.com/?p=8794
15:15:53	Warning: 	File has moved from https://sifuochwingchun.com/?p=8794 to https://sifuochwingchun.com/lost-qualities-modern-martial-arts/
15:15:53	Warning: 	Moved Permanently for https://sifuochwingchun.com/?p=8773
15:15:53	Warning: 	File has moved from https://sifuochwingchun.com/?p=8773 to https://sifuochwingchun.com/punches-across-the-arts/
15:15:53	Warning: 	Moved Permanently for https://sifuochwingchun.com/?p=8745
15:15:53	Warning: 	File has moved from https://sifuochwingchun.com/?p=8745 to https://sifuochwingchun.com/dit-da-jow-basics/
15:15:53	Warning: 	Moved Permanently for https://sifuochwingchun.com/?p=8652
15:15:53	Warning: 	File has moved from https://sifuochwingchun.com/?p=8652 to https://sifuochwingchun.com/wing-chun-entry-techniques/
15:15:53	Warning: 	Moved Permanently for https://sifuochwingchun.com/?p=8740
15:15:53	Warning: 	File has moved from https://sifuochwingchun.com/?p=8740 to https://sifuochwingchun.com/women-in-martial-arts/
15:15:53	Warning: 	Moved Permanently for https://sifuochwingchun.com/?p=8723
15:15:53	Warning: 	File has moved from https://sifuochwingchun.com/?p=8723 to https://sifuochwingchun.com/cuts-collisions-crying-tips-for-your-kids-program/
15:15:53	Warning: 	Moved Permanently for https://sifuochwingchun.com/?p=8711
15:15:53	Warning: 	File has moved from https://sifuochwingchun.com/?p=8711 to https://sifuochwingchun.com/sparring-protective-gear/
15:15:53	Warning: 	Moved Permanently for https://sifuochwingchun.com/?p=8707
15:15:53	Warning: 	File has moved from https://sifuochwingchun.com/?p=8707 to https://sifuochwingchun.com/cardio-lifting-and-martial-arts/
15:15:53	Warning: 	Moved Permanently for https://sifuochwingchun.com/?p=8680
15:15:53	Warning: 	File has moved from https://sifuochwingchun.com/?p=8680 to https://sifuochwingchun.com/entry-sparring-moves/
15:15:53	Warning: 	Moved Permanently for https://sifuochwingchun.com/?p=8517
15:15:53	Warning: 	File has moved from https://sifuochwingchun.com/?p=8517 to https://sifuochwingchun.com/lakeland-wing-chun-journey/
15:15:53	Warning: 	Moved Permanently for https://sifuochwingchun.com/?p=8621
15:15:53	Warning: 	File has moved from https://sifuochwingchun.com/?p=8621 to https://sifuochwingchun.com/tampa-bay-asia-fest/
15:15:53	Error: 	"Not Found" (404) at link https://sifuochwingchun.com/instructors/sihing-garret-brumfield-2nd-level-wing-chun-instructor/ (from https://sifuochwingchun.com/tampa-bay-asia-fest/)
15:16:14	Warning: 	Moved Permanently for https://sifuochwingchun.com/?p=8362
15:16:14	Warning: 	File has moved from https://sifuochwingchun.com/?p=8362 to https://sifuochwingchun.com/western-vs-eastern-martial-arts/
15:16:17	Warning: 	Moved Permanently for https://sifuochwingchun.com/?p=8063
15:16:17	Warning: 	File has moved from https://sifuochwingchun.com/?p=8063 to https://sifuochwingchun.com/wing-chun-weapons/
15:16:17	Warning: 	Moved Permanently for https://sifuochwingchun.com/?p=8098
15:16:17	Warning: 	File has moved from https://sifuochwingchun.com/?p=8098 to https://sifuochwingchun.com/martial-arts-philosophy-chinese-versus-japanese-part-2/
15:16:17	Warning: 	Moved Permanently for https://sifuochwingchun.com/?p=8093
15:16:17	Warning: 	File has moved from https://sifuochwingchun.com/?p=8093 to https://sifuochwingchun.com/martial-arts-philosophy-chinese-versus-japanese-part-1/
15:16:17	Warning: 	Moved Permanently for https://sifuochwingchun.com/?p=7944
15:16:17	Warning: 	File has moved from https://sifuochwingchun.com/?p=7944 to https://sifuochwingchun.com/ninja-versus-chinese-assassins/
15:16:17	Error: 	"Not Found" (404) at link https://sifuochwingchun.com/about-sifu-och-wing-chun/wing-chun-kung-fu-history/history-chinese-assassins-espionage/ (from https://sifuochwingchun.com/ninja-versus-chinese-assassins/)
15:16:19	Warning: 	Moved Permanently for https://sifuochwingchun.com/?p=7868
15:16:19	Warning: 	File has moved from https://sifuochwingchun.com/?p=7868 to https://sifuochwingchun.com/karate-and-wing-chun-share-origins/
15:16:19	Warning: 	Moved Permanently for https://sifuochwingchun.com/?p=7858
15:16:19	Warning: 	File has moved from https://sifuochwingchun.com/?p=7858 to https://sifuochwingchun.com/difference-between-ip-man-kung-fu/
15:16:19	Warning: 	Moved Permanently for https://sifuochwingchun.com/?p=7590
15:16:19	Warning: 	File has moved from https://sifuochwingchun.com/?p=7590 to https://sifuochwingchun.com/bowing-martial-arts/
15:16:19	Warning: 	Moved Permanently for https://sifuochwingchun.com/?p=5544
15:16:19	Warning: 	File has moved from https://sifuochwingchun.com/?p=5544 to https://sifuochwingchun.com/ng-mui-history-wing-chun/
15:16:19	Warning: 	Moved Permanently for https://sifuochwingchun.com/?p=5294
15:16:19	Warning: 	File has moved from https://sifuochwingchun.com/?p=5294 to https://sifuochwingchun.com/ip-man/
15:16:19	Warning: 	Moved Permanently for https://sifuochwingchun.com/?p=2639
15:16:19	Warning: 	File has moved from https://sifuochwingchun.com/?p=2639 to https://sifuochwingchun.com/history-chang-quan-long-fist/
15:16:20	Warning: 	Moved Permanently for https://sifuochwingchun.com/?p=1471
15:16:20	Warning: 	File has moved from https://sifuochwingchun.com/?p=1471 to https://sifuochwingchun.com/commercial-martial-arts-part2/
15:16:20	Error: 	"Not Found" (404) at link https://sifuochwingchun.com/wing-chun-media/wing-chun-videos/ (from https://sifuochwingchun.com/commercial-martial-arts-part2/)
15:16:22	Warning: 	Moved Permanently for https://sifuochwingchun.com/?p=1469
15:16:22	Warning: 	File has moved from https://sifuochwingchun.com/?p=1469 to https://sifuochwingchun.com/traditional-martial-arts/
15:16:22	Warning: 	Moved Permanently for https://sifuochwingchun.com/?p=1595
15:16:22	Warning: 	File has moved from https://sifuochwingchun.com/?p=1595 to https://sifuochwingchun.com/ip-man-fact-or-fiction-wing-chun/
15:16:23	Warning: 	Moved Permanently for https://sifuochwingchun.com/?p=8825
15:16:23	Warning: 	File has moved from https://sifuochwingchun.com/?p=8825 to https://sifuochwingchun.com/black-belt-kids/
15:16:34	Warning: 	Moved Permanently for https://sifuochwingchun.com/?p=8781
15:16:34	Warning: 	File has moved from https://sifuochwingchun.com/?p=8781 to https://sifuochwingchun.com/kickers-guide-h-part/
15:16:40	Warning: 	Moved Permanently for https://sifuochwingchun.com/?p=8334
15:16:40	Warning: 	File has moved from https://sifuochwingchun.com/?p=8334 to https://sifuochwingchun.com/fighting-footwork/
15:16:40	Warning: 	Moved Permanently for https://sifuochwingchun.com/?p=7833
15:16:40	Warning: 	File has moved from https://sifuochwingchun.com/?p=7833 to https://sifuochwingchun.com/martial-arts-awareness-aware/
15:16:40	Warning: 	Moved Permanently for https://sifuochwingchun.com/?p=7776
15:16:40	Warning: 	File has moved from https://sifuochwingchun.com/?p=7776 to https://sifuochwingchun.com/is-your-sifu-a-fraud-or-the-real-deal/
15:16:40	Warning: 	Moved Permanently for https://sifuochwingchun.com/?p=7599
15:16:40	Warning: 	File has moved from https://sifuochwingchun.com/?p=7599 to https://sifuochwingchun.com/wing-chun-actually-work/
15:16:40	Error: 	"Not Found" (404) at link https://sifuochwingchun.com/instructors/sihing-jeff-gardner-2nd-level-wing-chun-instructor/ (from https://sifuochwingchun.com/wing-chun-actually-work/)
15:16:40	Warning: 	Moved Permanently for https://sifuochwingchun.com/?p=7595
15:16:40	Warning: 	File has moved from https://sifuochwingchun.com/?p=7595 to https://sifuochwingchun.com/two-hands-better-one-self-defense/
15:16:40	Warning: 	Moved Permanently for https://sifuochwingchun.com/?p=3373
15:16:40	Warning: 	File has moved from https://sifuochwingchun.com/?p=3373 to https://sifuochwingchun.com/wing-chun-centerline-theory2/
15:16:40	Warning: 	Moved Permanently for https://sifuochwingchun.com/?p=3498
15:16:40	Warning: 	File has moved from https://sifuochwingchun.com/?p=3498 to https://sifuochwingchun.com/building-striking-power/
15:16:42	Warning: 	Moved Permanently for https://sifuochwingchun.com/?p=3446
15:16:42	Warning: 	File has moved from https://sifuochwingchun.com/?p=3446 to https://sifuochwingchun.com/biggest-mistakes-in-street-fighting-wing-chun/
15:16:42	Warning: 	Moved Permanently for https://sifuochwingchun.com/?p=3364
15:16:42	Warning: 	File has moved from https://sifuochwingchun.com/?p=3364 to https://sifuochwingchun.com/wing-chun-practitioner-in-lakeland/
15:16:42	Warning: 	Moved Permanently for https://sifuochwingchun.com/?p=3300
15:16:42	Warning: 	File has moved from https://sifuochwingchun.com/?p=3300 to https://sifuochwingchun.com/win-a-street-fight-using-wing-chun/
15:16:42	Warning: 	Moved Permanently for https://sifuochwingchun.com/?p=3548
15:16:42	Warning: 	File has moved from https://sifuochwingchun.com/?p=3548 to https://sifuochwingchun.com/zombies-versus-wing-chun-lakeland/
15:16:42	Warning: 	Moved Permanently for https://sifuochwingchun.com/?p=3358
15:16:42	Warning: 	File has moved from https://sifuochwingchun.com/?p=3358 to https://sifuochwingchun.com/countering-energies-wing-chun-lakeland-fl/
15:16:42	Warning: 	Moved Permanently for https://sifuochwingchun.com/?p=3394
15:16:42	Warning: 	File has moved from https://sifuochwingchun.com/?p=3394 to https://sifuochwingchun.com/fear-wing-chun/
15:16:42	Warning: 	Moved Permanently for https://sifuochwingchun.com/?p=3353
15:16:42	Warning: 	File has moved from https://sifuochwingchun.com/?p=3353 to https://sifuochwingchun.com/kung-fu-training/
15:16:42	Warning: 	Moved Permanently for https://sifuochwingchun.com/?p=3228
15:16:42	Warning: 	File has moved from https://sifuochwingchun.com/?p=3228 to https://sifuochwingchun.com/summer-camp-martial-arts-pressure-points/
15:16:42	Warning: 	Moved Permanently for https://sifuochwingchun.com/?p=2438
15:16:42	Warning: 	File has moved from https://sifuochwingchun.com/?p=2438 to https://sifuochwingchun.com/anger-gung-fu-lakeland-fl-gung-fu/
15:16:46	Warning: 	Moved Permanently for https://sifuochwingchun.com/?p=8364
15:16:46	Warning: 	File has moved from https://sifuochwingchun.com/?p=8364 to https://sifuochwingchun.com/why-wait-until-your-child-is-a-victim/
15:16:46	Warning: 	Moved Permanently for https://sifuochwingchun.com/?p=7917
15:16:46	Warning: 	File has moved from https://sifuochwingchun.com/?p=7917 to https://sifuochwingchun.com/exercising-kids-training/
15:16:46	Warning: 	Moved Permanently for https://sifuochwingchun.com/?p=7821
15:16:46	Warning: 	File has moved from https://sifuochwingchun.com/?p=7821 to https://sifuochwingchun.com/kung-fu-family-training-self-defense/
15:16:46	Warning: 	Moved Permanently for https://sifuochwingchun.com/?p=7693
15:16:46	Warning: 	File has moved from https://sifuochwingchun.com/?p=7693 to https://sifuochwingchun.com/kids-kung-fu-training/
15:16:46	Error: 	"Not Found" (404) at link https://sifuochwingchun.com/testimonials/lakeland-florida-afterschool-program/ (from https://sifuochwingchun.com/kids-kung-fu-training/)
15:16:46	Warning: 	Moved Permanently for https://sifuochwingchun.com/?p=3336
15:16:46	Warning: 	File has moved from https://sifuochwingchun.com/?p=3336 to https://sifuochwingchun.com/benefits-after-school-martial-arts/
15:16:46	Warning: 	Moved Permanently for https://sifuochwingchun.com/?p=3458
15:16:46	Warning: 	File has moved from https://sifuochwingchun.com/?p=3458 to https://sifuochwingchun.com/prevent-bullying/
15:16:46	Warning: 	Moved Permanently for https://sifuochwingchun.com/?p=3038
15:16:46	Warning: 	File has moved from https://sifuochwingchun.com/?p=3038 to https://sifuochwingchun.com/nasa-afterschool-science-program/
15:16:46	Warning: 	Moved Permanently for https://sifuochwingchun.com/?p=2211
15:16:46	Warning: 	File has moved from https://sifuochwingchun.com/?p=2211 to https://sifuochwingchun.com/best-summer-camp-lakeland-fl/
15:16:46	Warning: 	Moved Permanently for https://sifuochwingchun.com/?p=2567
15:16:46	Warning: 	File has moved from https://sifuochwingchun.com/?p=2567 to https://sifuochwingchun.com/sifu-och-kids-summer-day-camp/
15:16:46	Warning: 	Moved Permanently for https://sifuochwingchun.com/?p=2190
15:16:46	Warning: 	File has moved from https://sifuochwingchun.com/?p=2190 to https://sifuochwingchun.com/sifu-och-florida-kung-fu-lakeland/
15:16:46	Warning: 	Moved Permanently for https://sifuochwingchun.com/?p=2172
15:16:46	Warning: 	File has moved from https://sifuochwingchun.com/?p=2172 to https://sifuochwingchun.com/top-10-summer-camp-lakeland-fl/
15:16:46	Warning: 	Moved Permanently for https://sifuochwingchun.com/kids-classes/kids-summer-camps/
15:16:46	Warning: 	File has moved from https://sifuochwingchun.com/kids-classes/kids-summer-camps/ to https://sifuochwingchun.com/classes/kids-summer-camps-lakeland/
15:16:46	Error: 	"Not Found" (404) at link https://sifuochwingchun.com/wp-content/uploads/martial-art-summer-camp-lakeland-fl-wing-chun-kung-fu-300x216.jpg (from https://sifuochwingchun.com/martial-art-lakeland-summer-camp-program/)
15:16:46	Warning: 	Moved Permanently for https://sifuochwingchun.com/?p=2156
15:16:46	Warning: 	File has moved from https://sifuochwingchun.com/?p=2156 to https://sifuochwingchun.com/martial-art-lakeland-summer-camp-program/
15:16:46	Warning: 	Moved Permanently for https://sifuochwingchun.com/?p=2000
15:16:46	Warning: 	File has moved from https://sifuochwingchun.com/?p=2000 to https://sifuochwingchun.com/sifu-och-afterschool-programs/
15:16:46	Warning: 	Moved Permanently for https://sifuochwingchun.com/?p=1911
15:16:46	Warning: 	File has moved from https://sifuochwingchun.com/?p=1911 to https://sifuochwingchun.com/stop-school-bullying-tips-for-parents-sifu-och-wing-chun/
15:16:46	Warning: 	Moved Permanently for https://sifuochwingchun.com/?p=1599
15:16:46	Warning: 	File has moved from https://sifuochwingchun.com/?p=1599 to https://sifuochwingchun.com/making-kids-leaders-and-setting-goals/
15:16:46	Warning: 	Moved Permanently for https://sifuochwingchun.com/?p=941
15:16:46	Warning: 	File has moved from https://sifuochwingchun.com/?p=941 to https://sifuochwingchun.com/first-friday-lakeland-afterschool-programs/
15:16:46	Warning: 	Moved Permanently for https://sifuochwingchun.com/?p=8404
15:16:46	Warning: 	File has moved from https://sifuochwingchun.com/?p=8404 to https://sifuochwingchun.com/kung-fu-kicks/
15:16:46	Warning: 	Moved Permanently for https://sifuochwingchun.com/?p=8444
15:16:46	Warning: 	File has moved from https://sifuochwingchun.com/?p=8444 to https://sifuochwingchun.com/basic-wing-chun-defense/
15:16:46	Warning: 	Moved Permanently for https://sifuochwingchun.com/?p=8335
15:16:46	Warning: 	File has moved from https://sifuochwingchun.com/?p=8335 to https://sifuochwingchun.com/kwoon-self-defense-real-world/
15:16:46	Warning: 	Moved Permanently for https://sifuochwingchun.com/?p=8082
15:16:46	Warning: 	File has moved from https://sifuochwingchun.com/?p=8082 to https://sifuochwingchun.com/difference-in-wing-chun-swords-lineages/
15:16:46	Warning: 	Moved Permanently for https://sifuochwingchun.com/?p=8049
15:16:46	Warning: 	File has moved from https://sifuochwingchun.com/?p=8049 to https://sifuochwingchun.com/what-is-kendo/
15:16:46	Warning: 	Moved Permanently for https://sifuochwingchun.com/?p=8175
15:16:46	Warning: 	File has moved from https://sifuochwingchun.com/?p=8175 to https://sifuochwingchun.com/martial-arts-punch-defense-variations/
15:16:46	Warning: 	Moved Permanently for https://sifuochwingchun.com/?p=8147
15:16:46	Warning: 	File has moved from https://sifuochwingchun.com/?p=8147 to https://sifuochwingchun.com/tampa-bay-wing-chun-school/
15:16:46	Warning: 	Moved Permanently for https://sifuochwingchun.com/?p=7930
15:16:46	Warning: 	File has moved from https://sifuochwingchun.com/?p=7930 to https://sifuochwingchun.com/karate-classes-vs-wing-chun/
15:16:46	Warning: 	Moved Permanently for https://sifuochwingchun.com/?p=7786
15:16:46	Warning: 	File has moved from https://sifuochwingchun.com/?p=7786 to https://sifuochwingchun.com/wing-chun-biu-jee-thrusting-fingers/
15:16:46	Warning: 	Moved Permanently for https://sifuochwingchun.com/?p=7739
15:16:46	Warning: 	File has moved from https://sifuochwingchun.com/?p=7739 to https://sifuochwingchun.com/wing-chun-double-punch/
15:16:52	Warning: 	Moved Permanently for https://sifuochwingchun.com/?p=8554
15:16:52	Warning: 	File has moved from https://sifuochwingchun.com/?p=8554 to https://sifuochwingchun.com/wing-chun-difference/
15:16:52	Warning: 	Moved Permanently for https://sifuochwingchun.com/?p=1137
15:16:52	Warning: 	File has moved from https://sifuochwingchun.com/?p=1137 to https://sifuochwingchun.com/lion-dance-team-lakeland/
15:16:52	Warning: 	Moved Permanently for https://sifuochwingchun.com/?p=2407
15:16:52	Warning: 	File has moved from https://sifuochwingchun.com/?p=2407 to https://sifuochwingchun.com/chinese-new-year-at-explorations-v-museum/
15:16:52	Warning: 	Moved Permanently for https://sifuochwingchun.com/?p=2277
15:16:52	Warning: 	File has moved from https://sifuochwingchun.com/?p=2277 to https://sifuochwingchun.com/sifu-och-wing-chun-warrior-dash/
15:16:52	Warning: 	Moved Permanently for https://sifuochwingchun.com/?p=1948
15:16:52	Warning: 	File has moved from https://sifuochwingchun.com/?p=1948 to https://sifuochwingchun.com/lakeland-chinese-lion-dance-performance/
15:16:52	Warning: 	Moved Permanently for https://sifuochwingchun.com/?p=1820
15:16:52	Warning: 	File has moved from https://sifuochwingchun.com/?p=1820 to https://sifuochwingchun.com/black-belt-hall-of-fame/
15:16:52	Warning: 	Moved Permanently for https://sifuochwingchun.com/?p=8395
15:16:52	Warning: 	File has moved from https://sifuochwingchun.com/?p=8395 to https://sifuochwingchun.com/spotting-martial-art-frauds/
15:16:52	Warning: 	Moved Permanently for https://sifuochwingchun.com/?p=8056
15:16:52	Warning: 	File has moved from https://sifuochwingchun.com/?p=8056 to https://sifuochwingchun.com/making-use-soft-targets-wing-chun/
15:16:52	Warning: 	Moved Permanently for https://sifuochwingchun.com/?p=7983
15:16:52	Warning: 	File has moved from https://sifuochwingchun.com/?p=7983 to https://sifuochwingchun.com/situational-awareness-surroundings/
15:16:52	Warning: 	Moved Permanently for https://sifuochwingchun.com/?p=7788
15:16:52	Warning: 	File has moved from https://sifuochwingchun.com/?p=7788 to https://sifuochwingchun.com/building-solid-wing-chun-foundation/
15:16:52	Warning: 	Moved Permanently for https://sifuochwingchun.com/?p=7784
15:16:52	Warning: 	File has moved from https://sifuochwingchun.com/?p=7784 to https://sifuochwingchun.com/online-certified-sifus-bad/
15:16:52	Error: 	"Not Found" (404) at link https://sifuochwingchun.com/testimonials/wing-chun-training-family/ (from https://sifuochwingchun.com/online-certified-sifus-bad/)
15:16:52	Warning: 	Moved Permanently for https://sifuochwingchun.com/?p=7780
15:16:52	Warning: 	File has moved from https://sifuochwingchun.com/?p=7780 to https://sifuochwingchun.com/injuries-in-martial-arts-setback-opportunity/
15:16:52	Warning: 	Moved Permanently for https://sifuochwingchun.com/?p=7778
15:16:52	Warning: 	File has moved from https://sifuochwingchun.com/?p=7778 to https://sifuochwingchun.com/dont-wait-learn-self-defense-now/
15:16:52	Warning: 	Moved Permanently for https://sifuochwingchun.com/?p=2473
15:16:52	Warning: 	File has moved from https://sifuochwingchun.com/?p=2473 to https://sifuochwingchun.com/bruce-lee-and-jeet-kune/
15:16:52	Warning: 	Moved Permanently for https://sifuochwingchun.com/?p=7553
15:16:52	Warning: 	File has moved from https://sifuochwingchun.com/?p=7553 to https://sifuochwingchun.com/learning-ground-game-tactics/
15:16:52	Error: 	"Not Found" (404) at link https://sifuochwingchun.com/testimonials/taekwondo-training-wing-chun/ (from https://sifuochwingchun.com/learning-ground-game-tactics/)
15:16:52	Warning: 	Moved Permanently for https://sifuochwingchun.com/?p=3875
15:16:52	Warning: 	File has moved from https://sifuochwingchun.com/?p=3875 to https://sifuochwingchun.com/break-arm-and-leg-simultaneously/
15:16:52	Warning: 	Moved Permanently for https://sifuochwingchun.com/?p=241
15:16:52	Warning: 	File has moved from https://sifuochwingchun.com/?p=241 to https://sifuochwingchun.com/knowledge-of-martial-arts/
15:16:52	Error: 	"Not Found" (404) at link https://sifuochwingchun.com/wp-content/uploads/2012/01/DonMcnatt2.jpg (from https://sifuochwingchun.com/knowledge-of-martial-arts/)
15:16:52	Warning: 	Moved Permanently for https://sifuochwingchun.com/?p=400
15:16:52	Warning: 	File has moved from https://sifuochwingchun.com/?p=400 to https://sifuochwingchun.com/beginner-martial-arts-wing-chun-ving-tsun/
15:16:52	Warning: 	Moved Permanently for https://sifuochwingchun.com/?p=1807
15:16:52	Warning: 	File has moved from https://sifuochwingchun.com/?p=1807 to https://sifuochwingchun.com/wing-chun-common-sense-self-defense/
15:16:52	Warning: 	Moved Permanently for https://sifuochwingchun.com/?p=1391
15:16:52	Warning: 	File has moved from https://sifuochwingchun.com/?p=1391 to https://sifuochwingchun.com/building-power-in-the-martial-arts/
15:16:52	Warning: 	Moved Permanently for https://sifuochwingchun.com/articles/bone-hardening-and-muscle-conditioning/
15:16:52	Warning: 	File has moved from https://sifuochwingchun.com/articles/bone-hardening-and-muscle-conditioning/ to https://sifuochwingchun.com/bone-hardening-and-muscle-conditioning/
15:16:52	Warning: 	Moved Permanently for https://sifuochwingchun.com/?p=7836
15:16:52	Warning: 	File has moved from https://sifuochwingchun.com/?p=7836 to https://sifuochwingchun.com/top-3-reasons-to-train/
15:16:52	Warning: 	Moved Permanently for https://sifuochwingchun.com/?p=7846
15:16:52	Warning: 	File has moved from https://sifuochwingchun.com/?p=7846 to https://sifuochwingchun.com/testimonial-neckodemos-davison/
15:16:52	Warning: 	Moved Permanently for https://sifuochwingchun.com/?p=237
15:16:52	Warning: 	File has moved from https://sifuochwingchun.com/?p=237 to https://sifuochwingchun.com/martial-arts-stress-relief/
15:16:52	Error: 	"Not Found" (404) at link https://sifuochwingchun.com/wp-content/uploads/2011/12/wing-chun-class-image-2.jpg (from https://sifuochwingchun.com/martial-arts-stress-relief/)
15:16:52	Error: 	"Not Found" (404) at link https://sifuochwingchun.com/wp-content/uploads/2011/12/wing-chun-class-image-2-300x183.jpg (from https://sifuochwingchun.com/martial-arts-stress-relief/)
15:16:52	Warning: 	Moved Permanently for https://sifuochwingchun.com/?p=566
15:16:52	Warning: 	File has moved from https://sifuochwingchun.com/?p=566 to https://sifuochwingchun.com/sensible-self-defense-lakeland-fl/
15:16:52	Error: 	"Not Found" (404) at link https://sifuochwingchun.com/articles/real-no-nonsense-self-defense-lakeland-fl-martial-arts-article-part1/ (from https://sifuochwingchun.com/sensible-self-defense-lakeland-fl/)
15:16:52	Warning: 	Moved Permanently for https://sifuochwingchun.com/?p=1759
15:16:52	Warning: 	File has moved from https://sifuochwingchun.com/?p=1759 to https://sifuochwingchun.com/wing-chun-proved-self-defense-part-2/
15:16:52	Warning: 	Moved Permanently for https://sifuochwingchun.com/?p=7583
15:16:52	Warning: 	File has moved from https://sifuochwingchun.com/?p=7583 to https://sifuochwingchun.com/whipping-punch-broken-down-explained/
15:16:52	Warning: 	Moved Permanently for https://sifuochwingchun.com/?p=2791
15:16:52	Warning: 	File has moved from https://sifuochwingchun.com/?p=2791 to https://sifuochwingchun.com/gainesville-dojo/
15:16:52	Warning: 	Moved Permanently for https://sifuochwingchun.com/?p=8475
15:16:52	Warning: 	File has moved from https://sifuochwingchun.com/?p=8475 to https://sifuochwingchun.com/strategies-for-situational-awareness/
15:16:52	Warning: 	Moved Permanently for https://sifuochwingchun.com/?p=3307
15:16:52	Warning: 	File has moved from https://sifuochwingchun.com/?p=3307 to https://sifuochwingchun.com/self-defense-2/
15:16:52	Error: 	"Not Found" (404) at link https://sifuochwingchun.com/classes/lakeland-kickboxing-classes-bootcamp/ (from https://sifuochwingchun.com/self-defense-2/)
15:16:52	Warning: 	Moved Permanently for https://sifuochwingchun.com/?p=7734
15:16:52	Warning: 	File has moved from https://sifuochwingchun.com/?p=7734 to https://sifuochwingchun.com/never-give-up-wing-chun/
15:16:52	Warning: 	Moved Permanently for https://sifuochwingchun.com/wing-chun-white-belt-black-belt/
15:16:52	Warning: 	File has moved from https://sifuochwingchun.com/wing-chun-white-belt-black-belt/ to https://sifuochwingchun.com/wing-chun-white-sash-black-sash/
15:16:52	Warning: 	Moved Permanently for https://sifuochwingchun.com/?p=7938
15:16:52	Warning: 	File has moved from https://sifuochwingchun.com/?p=7938 to https://sifuochwingchun.com/black-belt-hall-of-fame-2/
15:16:52	Warning: 	Moved Permanently for https://sifuochwingchun.com/?p=2099
15:16:52	Warning: 	File has moved from https://sifuochwingchun.com/?p=2099 to https://sifuochwingchun.com/martial-arts-fl-kung-fu-lakeland/
15:16:52	Warning: 	Moved Permanently for https://sifuochwingchun.com/?p=3494
15:16:52	Warning: 	File has moved from https://sifuochwingchun.com/?p=3494 to https://sifuochwingchun.com/competition-wing-chun/
15:16:52	Error: 	"Not Found" (404) at link https://sifuochwingchun.com/classes/fitness-boot-camps/ (from https://sifuochwingchun.com/competition-wing-chun/)
15:16:52	Warning: 	Moved Permanently for https://sifuochwingchun.com/?p=2135
15:16:52	Warning: 	File has moved from https://sifuochwingchun.com/?p=2135 to https://sifuochwingchun.com/universal-wing-chun-applications/sifu-och-wing-chun-kung-fu-lakeland-florida-central-florida-wing-chun-kung-fu-self-defense/
15:16:52	Warning: 	Moved Permanently for https://sifuochwingchun.com/?p=2202
15:16:52	Warning: 	File has moved from https://sifuochwingchun.com/?p=2202 to https://sifuochwingchun.com/sifu-och-wing-chun-real-lakeland-self-defense/
15:16:52	Warning: 	Moved Permanently for https://sifuochwingchun.com/?p=6761
15:16:52	Warning: 	File has moved from https://sifuochwingchun.com/?p=6761 to https://sifuochwingchun.com/wing-chun-wooden-dummy-training/
15:16:52	Error: 	"Not Found" (404) at link https://sifuochwingchun.com/classes/advanced-wing-chun-classes/tampa-orlando-lakeland-florida-wooden-dummy-muk-yan-jong-mook-yan-jong-mu-ren-zhuang/ (from https://sifuochwingchun.com/wing-chun-wooden-dummy-training/)
15:16:52	Error: 	"Not Found" (404) at link https://sifuochwingchun.com/instructors/bruce-lee-the-dragon/ (from https://sifuochwingchun.com/wing-chun-wooden-dummy-training/)
15:16:55	Warning: 	Moved Permanently for https://sifuochwingchun.com/?p=7523
15:16:55	Warning: 	File has moved from https://sifuochwingchun.com/?p=7523 to https://sifuochwingchun.com/wing-chun-bartow-florida/
15:16:55	Error: 	"Not Found" (404) at link https://sifuochwingchun.com/wing-chun-media/videos/ (from https://sifuochwingchun.com/wing-chun-bartow-florida/)
15:16:55	Warning: 	Moved Permanently for https://sifuochwingchun.com/?p=2625
15:16:55	Warning: 	File has moved from https://sifuochwingchun.com/?p=2625 to https://sifuochwingchun.com/chang-quan-long-fist-kung-fu-weapons/
15:16:55	Warning: 	Moved Permanently for https://sifuochwingchun.com/?p=672
15:16:55	Warning: 	File has moved from https://sifuochwingchun.com/?p=672 to https://sifuochwingchun.com/full-body-self-defense-lakeland-fl/
15:16:55	Warning: 	Moved Permanently for https://sifuochwingchun.com/?p=2480
15:16:55	Warning: 	File has moved from https://sifuochwingchun.com/?p=2480 to https://sifuochwingchun.com/jeet-kune-lakeland-florida/
15:16:55	Warning: 	Moved Permanently for https://sifuochwingchun.com/embed/
15:16:55	Warning: 	File has moved from https://sifuochwingchun.com/embed/ to https://sifuochwingchun.com/
15:16:55	Warning: 	Moved Permanently for https://sifuochwingchun.com/?p=1700
15:16:55	Warning: 	File has moved from https://sifuochwingchun.com/?p=1700 to https://sifuochwingchun.com/proper-energy-and-pressure-in-wing-chun/
15:16:55	Warning: 	Moved Permanently for https://sifuochwingchun.com/?p=1022
15:16:55	Warning: 	File has moved from https://sifuochwingchun.com/?p=1022 to https://sifuochwingchun.com/why-join-sifu-ochs-wing-chun-kung-fu-training/
15:16:55	Warning: 	Moved Permanently for https://sifuochwingchun.com/?p=1508
15:16:55	Warning: 	File has moved from https://sifuochwingchun.com/?p=1508 to https://sifuochwingchun.com/tampa-wing-chun-garret-brumfield/
15:16:55	Warning: 	Moved Permanently for https://sifuochwingchun.com/?p=8200
15:16:55	Warning: 	File has moved from https://sifuochwingchun.com/?p=8200 to https://sifuochwingchun.com/serious-unarmed-combat-wing-chun-kung-fu/
15:16:55	Warning: 	Moved Permanently for https://sifuochwingchun.com/?p=7861
15:16:55	Warning: 	File has moved from https://sifuochwingchun.com/?p=7861 to https://sifuochwingchun.com/wing-chun-lifestyle-change-improving-and-growing/
15:16:55	Warning: 	Moved Permanently for https://sifuochwingchun.com/?p=3555
15:16:55	Warning: 	File has moved from https://sifuochwingchun.com/?p=3555 to https://sifuochwingchun.com/muscle-conditioning-kung-fu/
15:16:55	Warning: 	Moved Permanently for https://sifuochwingchun.com/?p=2518
15:16:55	Warning: 	File has moved from https://sifuochwingchun.com/?p=2518 to https://sifuochwingchun.com/family-self-defense-lakeland-fl-tips/
15:16:55	Warning: 	Moved Permanently for https://sifuochwingchun.com/?p=2377
15:16:55	Warning: 	File has moved from https://sifuochwingchun.com/?p=2377 to https://sifuochwingchun.com/martial-arts-kung-fu-dying/
15:16:55	Warning: 	Moved Permanently for https://sifuochwingchun.com/?p=1409
15:16:55	Warning: 	File has moved from https://sifuochwingchun.com/?p=1409 to https://sifuochwingchun.com/different-wing-chun-lineages-expanding-skill/
15:16:55	Warning: 	Moved Permanently for https://sifuochwingchun.com/?p=2502
15:16:55	Warning: 	File has moved from https://sifuochwingchun.com/?p=2502 to https://sifuochwingchun.com/jeet-kune-lakeland-florida-2/
15:16:56	Warning: 	Moved Permanently for https://sifuochwingchun.com/?p=8119
15:16:56	Warning: 	File has moved from https://sifuochwingchun.com/?p=8119 to https://sifuochwingchun.com/florida-chinese-lion-dance/
15:16:56	Warning: 	Moved Permanently for https://sifuochwingchun.com/?p=958
15:16:56	Warning: 	File has moved from https://sifuochwingchun.com/?p=958 to https://sifuochwingchun.com/10-reasons-10-reasons-refuse-training/
15:16:56	Warning: 	Moved Permanently for https://sifuochwingchun.com/?p=827
15:16:56	Warning: 	File has moved from https://sifuochwingchun.com/?p=827 to https://sifuochwingchun.com/krav-maga-wing-chun-best-martial-art/
15:16:56	Warning: 	Moved Permanently for https://sifuochwingchun.com/?p=7088
15:16:56	Warning: 	File has moved from https://sifuochwingchun.com/?p=7088 to https://sifuochwingchun.com/wing-chun-butterfly-swords/
15:16:56	Error: 	"Not Found" (404) at link https://sifuochwingchun.com/classes/advanced-wing-chun-classes/butterfly-swords-bart-jarm-do-bot-jaam-do-butterfly-knives-florida-wing-chun/ (from https://sifuochwingchun.com/wing-chun-butterfly-swords/)
15:16:56	Error: 	"Not Found" (404) at link https://sifuochwingchun.com/classes/advanced-wing-chun-classes/florida-wing-chun-butterfly-swords-bart-jarm-do-bot-jaam-do-butterfly-knives/ (from https://sifuochwingchun.com/wing-chun-butterfly-swords/)
15:16:56	Warning: 	Moved Permanently for https://sifuochwingchun.com/?p=9306
15:16:56	Warning: 	File has moved from https://sifuochwingchun.com/?p=9306 to https://sifuochwingchun.com/advanced-wing-chun-classes/
15:16:56	Warning: 	Moved Permanently for https://sifuochwingchun.com/?p=6763
15:16:56	Warning: 	File has moved from https://sifuochwingchun.com/?p=6763 to https://sifuochwingchun.com/chi-sao-sticky-hands-drilling-in-wing-chun/
15:16:56	Error: 	"Not Found" (404) at link https://sifuochwingchun.com/classes/advanced-wing-chun-classes/florida-wing-chun-kung-fu-chi-sau-sifu-och-florida/ (from https://sifuochwingchun.com/chi-sao-sticky-hands-drilling-in-wing-chun/)
15:16:56	Error: 	"Not Found" (404) at link https://sifuochwingchun.com/classes/advanced-wing-chun-classes/chi-sau-chi-sao-wing-chun-sticky-hands-florida-wing-chun-classes/ (from https://sifuochwingchun.com/chi-sao-sticky-hands-drilling-in-wing-chun/)
15:16:56	Warning: 	Moved Permanently for https://sifuochwingchun.com/?p=6970
15:16:56	Warning: 	File has moved from https://sifuochwingchun.com/?p=6970 to https://sifuochwingchun.com/brief-history-of-wing-chun/
15:16:56	Warning: 	Moved Permanently for https://sifuochwingchun.com/?p=7578
15:16:56	Warning: 	File has moved from https://sifuochwingchun.com/?p=7578 to https://sifuochwingchun.com/getting-through-frustrating-times-martial-arts/
15:16:56	Warning: 	Moved Permanently for https://sifuochwingchun.com/?p=8481
15:16:56	Warning: 	File has moved from https://sifuochwingchun.com/?p=8481 to https://sifuochwingchun.com/kung-fu-belt-ranking/
15:16:56	Warning: 	Moved Permanently for https://sifuochwingchun.com/?p=8500
15:16:56	Warning: 	File has moved from https://sifuochwingchun.com/?p=8500 to https://sifuochwingchun.com/afraid-to-get-hit/
15:16:56	Warning: 	Moved Permanently for https://sifuochwingchun.com/?p=7593
15:16:56	Warning: 	File has moved from https://sifuochwingchun.com/?p=7593 to https://sifuochwingchun.com/seeing-wing-chun-progress-during-training/
15:16:56	Error: 	"Not Found" (404) at link https://sifuochwingchun.com/wing-chun-media/photos/ (from https://sifuochwingchun.com/seeing-wing-chun-progress-during-training/)
15:16:56	Warning: 	Moved Permanently for https://sifuochwingchun.com/?p=7561
15:16:56	Warning: 	File has moved from https://sifuochwingchun.com/?p=7561 to https://sifuochwingchun.com/robert-downey-jr-wing-chun/
15:16:56	Warning: 	Moved Permanently for https://sifuochwingchun.com/?p=1353
15:16:56	Warning: 	File has moved from https://sifuochwingchun.com/?p=1353 to https://sifuochwingchun.com/pure-wing-chun-doesnt-exist/
15:16:56	Warning: 	Moved Permanently for https://sifuochwingchun.com/?p=7600
15:16:56	Warning: 	File has moved from https://sifuochwingchun.com/?p=7600 to https://sifuochwingchun.com/never-give-up-quotes-wing-chun-training/
15:16:56	Warning: 	Moved Permanently for https://sifuochwingchun.com/?p=8599
15:16:56	Warning: 	File has moved from https://sifuochwingchun.com/?p=8599 to https://sifuochwingchun.com/sparring-weaknesses-checklist/
15:16:56	Warning: 	Moved Permanently for https://sifuochwingchun.com/?p=1310
15:16:56	Warning: 	File has moved from https://sifuochwingchun.com/?p=1310 to https://sifuochwingchun.com/martial-arts-dedication-wing-chun/
15:16:56	Warning: 	Moved Permanently for https://sifuochwingchun.com/?p=2880
15:16:56	Warning: 	File has moved from https://sifuochwingchun.com/?p=2880 to https://sifuochwingchun.com/sifu-riaz-hossenbux-and-sifu-justin-och/
15:16:56	Warning: 	Moved Permanently for https://sifuochwingchun.com/?p=5261
15:16:56	Warning: 	File has moved from https://sifuochwingchun.com/?p=5261 to https://sifuochwingchun.com/krav-maga-lakeland-fl/
15:16:56	Warning: 	Moved Permanently for https://sifuochwingchun.com/?p=2512
15:16:56	Warning: 	File has moved from https://sifuochwingchun.com/?p=2512 to https://sifuochwingchun.com/lakeland-kung-fu/
15:16:56	Warning: 	Moved Permanently for https://sifuochwingchun.com/?p=8505
15:16:56	Warning: 	File has moved from https://sifuochwingchun.com/?p=8505 to https://sifuochwingchun.com/the-fatal-flaw-in-testing/
15:16:56	Warning: 	Moved Permanently for https://sifuochwingchun.com/?p=1694
15:16:56	Warning: 	File has moved from https://sifuochwingchun.com/?p=1694 to https://sifuochwingchun.com/best-wing-chun-school-lakeland/
15:16:56	Warning: 	Moved Permanently for https://sifuochwingchun.com/?p=1374
15:16:56	Warning: 	File has moved from https://sifuochwingchun.com/?p=1374 to https://sifuochwingchun.com/high-power-attacks-come-with-high-risk/
15:16:56	Error: 	"Unable to get server's address: unknown error" (-5) after 2 retries at link https://masterwingchun.local/wp-content/uploads/sifu-och-wing-chun-kung-fu-family-ip-man-lineage-lakeland-florida-usa.jpg (from https://sifuochwingchun.com/contact-sifu-och/)
15:16:56	Warning: 	Moved Permanently for https://sifuochwingchun.com/?p=7718
15:16:56	Warning: 	File has moved from https://sifuochwingchun.com/?p=7718 to https://sifuochwingchun.com/fighting-three-against-one/
15:16:56	Warning: 	Moved Permanently for https://sifuochwingchun.com/?p=3519
15:16:56	Warning: 	File has moved from https://sifuochwingchun.com/?p=3519 to https://sifuochwingchun.com/krav-maga-wing-chun-lakeland/
15:16:56	Warning: 	Moved Permanently for https://sifuochwingchun.com/?p=3503
15:16:56	Warning: 	File has moved from https://sifuochwingchun.com/?p=3503 to https://sifuochwingchun.com/real-self-defense-wing-chun/
15:16:56	Warning: 	Moved Permanently for https://sifuochwingchun.com/?p=1725
15:16:56	Warning: 	File has moved from https://sifuochwingchun.com/?p=1725 to https://sifuochwingchun.com/wing-chuns-reactionary-mind/
15:16:56	Warning: 	Moved Permanently for https://sifuochwingchun.com/?p=1416
15:16:56	Warning: 	File has moved from https://sifuochwingchun.com/?p=1416 to https://sifuochwingchun.com/martial-arts-politics/
15:16:56	Warning: 	Moved Permanently for https://sifuochwingchun.com/?p=1606
15:16:56	Warning: 	File has moved from https://sifuochwingchun.com/?p=1606 to https://sifuochwingchun.com/extreme-weight-loss/
15:16:59	Warning: 	Moved Permanently for https://sifuochwingchun.com/?p=3537
15:16:59	Warning: 	File has moved from https://sifuochwingchun.com/?p=3537 to https://sifuochwingchun.com/mma-vs-wing-chun/
15:16:59	Warning: 	Moved Permanently for https://sifuochwingchun.com/?p=2268
15:16:59	Warning: 	File has moved from https://sifuochwingchun.com/?p=2268 to https://sifuochwingchun.com/wing-chun-lakeland-fl-kung-fu-2/
15:16:59	Warning: 	Moved Permanently for https://sifuochwingchun.com/?p=1447
15:16:59	Warning: 	File has moved from https://sifuochwingchun.com/?p=1447 to https://sifuochwingchun.com/traditional-martial-arts-2-mindset/
15:16:59	Warning: 	Moved Permanently for https://sifuochwingchun.com/?p=2391
15:16:59	Warning: 	File has moved from https://sifuochwingchun.com/?p=2391 to https://sifuochwingchun.com/competition-wing-chun-boxing/
15:16:59	Warning: 	Moved Permanently for https://sifuochwingchun.com/?p=7093
15:16:59	Warning: 	File has moved from https://sifuochwingchun.com/?p=7093 to https://sifuochwingchun.com/long-pole-weapon-fighting-or-dragon-pole/
15:16:59	Error: 	"Not Found" (404) at link https://sifuochwingchun.com/classes/advanced-wing-chun-classes/florida-wing-chun-bart-jarm-dao-wing-chun-butterfly-swords-classes/ (from https://sifuochwingchun.com/long-pole-weapon-fighting-or-dragon-pole/)
15:16:59	Error: 	"Not Found" (404) at link https://sifuochwingchun.com/about-sifu-och-wing-chun/wing-chun-kung-fu-history/ (from https://sifuochwingchun.com/long-pole-weapon-fighting-or-dragon-pole/)
15:17:01	Error: 	"Not Found" (404) at link https://sifuochwingchun.com/chinese-assassins-espionage/ (from https://sifuochwingchun.com/long-pole-weapon-fighting-or-dragon-pole/)
15:17:01	Warning: 	Moved Permanently for https://sifuochwingchun.com/?p=999
15:17:01	Warning: 	File has moved from https://sifuochwingchun.com/?p=999 to https://sifuochwingchun.com/hong-kong-airlines-wing-chun/
15:17:01	Warning: 	Moved Permanently for https://sifuochwingchun.com/?p=680
15:17:01	Warning: 	File has moved from https://sifuochwingchun.com/?p=680 to https://sifuochwingchun.com/ving-tsun-florida-schools/
15:17:01	Warning: 	Moved Permanently for https://sifuochwingchun.com/?p=3581
15:17:01	Warning: 	File has moved from https://sifuochwingchun.com/?p=3581 to https://sifuochwingchun.com/join-weight-loss-bootcamps-lakeland-fl/
15:17:01	Warning: 	Moved Permanently for https://sifuochwingchun.com/?p=2548
15:17:01	Warning: 	File has moved from https://sifuochwingchun.com/?p=2548 to https://sifuochwingchun.com/jeet-kune-do-in-lakeland-florida-2/
15:17:01	Warning: 	Moved Permanently for https://sifuochwingchun.com/?p=2558
15:17:01	Warning: 	File has moved from https://sifuochwingchun.com/?p=2558 to https://sifuochwingchun.com/women-self-defense-lakeland/
15:17:01	Warning: 	Moved Permanently for https://sifuochwingchun.com/?p=559
15:17:01	Warning: 	File has moved from https://sifuochwingchun.com/?p=559 to https://sifuochwingchun.com/self-defense-florida/
15:17:01	Error: 	"Not Found" (404) at link https://sifuochwingchun.com/articles/self-defense-in-lakeland-fl-martial-arts-article-part2/ (from https://sifuochwingchun.com/self-defense-florida/)
15:17:01	Warning: 	Moved Permanently for https://sifuochwingchun.com/?p=2313
15:17:01	Warning: 	File has moved from https://sifuochwingchun.com/?p=2313 to https://sifuochwingchun.com/kung-fu-in-downtown-lakeland-fl/
15:17:01	Error: 	"Not Found" (404) at link https://sifuochwingchun.com/wp-content/uploads/IMG_0732.jpg (from https://sifuochwingchun.com/kung-fu-in-downtown-lakeland-fl/)
15:17:01	Error: 	"Not Found" (404) at link https://sifuochwingchun.com/wp-content/uploads/IMG_0732-1024x682.jpg (from https://sifuochwingchun.com/kung-fu-in-downtown-lakeland-fl/)
15:17:01	Warning: 	Moved Permanently for https://sifuochwingchun.com/?p=2330
15:17:01	Warning: 	File has moved from https://sifuochwingchun.com/?p=2330 to https://sifuochwingchun.com/story-of-yim-wing-chun/
15:17:01	Error: 	"Not Found" (404) at link https://sifuochwingchun.com/lakeland-fl-summer-camp-programs/ (from https://sifuochwingchun.com/story-of-yim-wing-chun/)
15:17:01	Warning: 	Moved Permanently for https://sifuochwingchun.com/?p=2751
15:17:01	Warning: 	File has moved from https://sifuochwingchun.com/?p=2751 to https://sifuochwingchun.com/kung-fu-wing-chun-and-me/
15:17:01	Warning: 	Moved Permanently for https://sifuochwingchun.com/?p=1282
15:17:01	Warning: 	File has moved from https://sifuochwingchun.com/?p=1282 to https://sifuochwingchun.com/ip-man-wing-chun-inner-circle/
15:17:01	Warning: 	Moved Permanently for https://sifuochwingchun.com/?p=3620
15:17:01	Warning: 	File has moved from https://sifuochwingchun.com/?p=3620 to https://sifuochwingchun.com/chi-gerk-wing-chun-leg-fighting/
15:17:01	Warning: 	Moved Permanently for https://sifuochwingchun.com/?p=1615
15:17:01	Warning: 	File has moved from https://sifuochwingchun.com/?p=1615 to https://sifuochwingchun.com/halloween-safety-tips-sifu-och-wing-chun/
15:17:01	Warning: 	Moved Permanently for https://sifuochwingchun.com/?p=8493
15:17:01	Warning: 	File has moved from https://sifuochwingchun.com/?p=8493 to https://sifuochwingchun.com/fighting-stances-across-martial-arts/
15:17:01	Warning: 	Moved Permanently for https://sifuochwingchun.com/?p=7725
15:17:01	Warning: 	File has moved from https://sifuochwingchun.com/?p=7725 to https://sifuochwingchun.com/student-wing-chun/
15:17:01	Warning: 	Moved Permanently for https://sifuochwingchun.com/?p=7687
15:17:01	Warning: 	File has moved from https://sifuochwingchun.com/?p=7687 to https://sifuochwingchun.com/9-vital-tips-choosing-kwoon/
15:17:01	Warning: 	Moved Permanently for https://sifuochwingchun.com/?p=7721
15:17:01	Warning: 	File has moved from https://sifuochwingchun.com/?p=7721 to https://sifuochwingchun.com/chi-sao-wing-chuns-wet-stone/
15:17:01	Warning: 	Moved Permanently for https://sifuochwingchun.com/?p=3422
15:17:01	Warning: 	File has moved from https://sifuochwingchun.com/?p=3422 to https://sifuochwingchun.com/learn-wing-chun-kung-fu/
15:17:01	Warning: 	Moved Permanently for https://sifuochwingchun.com/fl-martial-arts-afterschool-lakeland/
15:17:01	Warning: 	File has moved from https://sifuochwingchun.com/fl-martial-arts-afterschool-lakeland/ to https://sifuochwingchun.com/benefits-after-school-martial-arts/
15:17:01	Warning: 	Moved Permanently for https://sifuochwingchun.com/?p=3192
15:17:01	Warning: 	File has moved from https://sifuochwingchun.com/?p=3192 to https://sifuochwingchun.com/6th-dan-taekwondo-master-now-wing-chun/
15:17:01	Warning: 	Moved Permanently for https://sifuochwingchun.com/?p=2420
15:17:01	Warning: 	File has moved from https://sifuochwingchun.com/?p=2420 to https://sifuochwingchun.com/lakeland-florida-martial-arts-gung-fu/
15:17:01	Warning: 	Moved Permanently for https://sifuochwingchun.com/?p=2643
15:17:01	Warning: 	File has moved from https://sifuochwingchun.com/?p=2643 to https://sifuochwingchun.com/reader-question-wing-chun-sparring-tips/
15:17:01	Warning: 	Moved Permanently for https://sifuochwingchun.com/?p=1629
15:17:01	Warning: 	File has moved from https://sifuochwingchun.com/?p=1629 to https://sifuochwingchun.com/super-saiyan-wing-chun/
15:17:01	Warning: 	Moved Permanently for https://sifuochwingchun.com/?p=977
15:17:01	Warning: 	File has moved from https://sifuochwingchun.com/?p=977 to https://sifuochwingchun.com/lakeland-fl-workouts-wing-chun-bootcamps/
15:17:01	Warning: 	Moved Permanently for https://sifuochwingchun.com/?p=878
15:17:01	Warning: 	File has moved from https://sifuochwingchun.com/?p=878 to https://sifuochwingchun.com/lakeland-self-defense-wing-chun-kung-fu/
15:17:01	Warning: 	Moved Permanently for https://sifuochwingchun.com/?p=494
15:17:01	Warning: 	File has moved from https://sifuochwingchun.com/?p=494 to https://sifuochwingchun.com/martial-art-wing-chun-street-fights/
15:17:01	Warning: 	Moved Permanently for https://sifuochwingchun.com/?p=239
15:17:01	Warning: 	File has moved from https://sifuochwingchun.com/?p=239 to https://sifuochwingchun.com/bone-hardening-and-muscle-conditioning/
15:17:01	Error: 	"Not Found" (404) at link https://sifuochwingchun.com/wp-content/uploads/2011/12/tampa-orlando-lakeland-florida-wooden-dummy-muk-yan-jong-mook-yan-jong-mu-ren-zhuang.jpg (from https://sifuochwingchun.com/bone-hardening-and-muscle-conditioning/)
15:17:01	Error: 	"Not Found" (404) at link https://sifuochwingchun.com/wp-content/uploads/2011/12/tampa-orlando-lakeland-florida-wooden-dummy-muk-yan-jong-mook-yan-jong-mu-ren-zhuang-300x200.jpg (from https://sifuochwingchun.com/bone-hardening-and-muscle-conditioning/)
15:17:01	Warning: 	Moved Permanently for https://sifuochwingchun.com/?p=2577
15:17:01	Warning: 	File has moved from https://sifuochwingchun.com/?p=2577 to https://sifuochwingchun.com/the-difference-karate-and-kung-fu/
15:17:01	Warning: 	Moved Permanently for https://sifuochwingchun.com/?p=2588
15:17:01	Warning: 	File has moved from https://sifuochwingchun.com/?p=2588 to https://sifuochwingchun.com/difference-kung-fu-and-karate/
15:17:01	Warning: 	Moved Permanently for https://sifuochwingchun.com/?p=2636
15:17:01	Warning: 	File has moved from https://sifuochwingchun.com/?p=2636 to https://sifuochwingchun.com/northern-shaolin-kung-fu/
15:17:01	Warning: 	Moved Permanently for https://sifuochwingchun.com/?p=7698
15:17:01	Warning: 	File has moved from https://sifuochwingchun.com/?p=7698 to https://sifuochwingchun.com/wing-chun-white-sash-black-sash/
15:17:02	Warning: 	Moved Permanently for https://sifuochwingchun.com/?p=8827
15:17:02	Warning: 	File has moved from https://sifuochwingchun.com/?p=8827 to https://sifuochwingchun.com/black-belt-kids/kids-black-belt-ranking-florida/
15:17:02	Warning: 	Moved Permanently for https://sifuochwingchun.com/?p=8830
15:17:02	Warning: 	File has moved from https://sifuochwingchun.com/?p=8830 to https://sifuochwingchun.com/black-belt-kids/kids-black-belt-ranking-martial-arts-karate-kung-fu/
15:17:02	Warning: 	Moved Permanently for https://sifuochwingchun.com/?p=8832
15:17:02	Warning: 	File has moved from https://sifuochwingchun.com/?p=8832 to https://sifuochwingchun.com/black-belt-kids/black-belt-kids-ranking-martial-arts-karate-kung-fu/
15:17:02	Warning: 	Moved Permanently for https://sifuochwingchun.com/?p=514
15:17:02	Warning: 	File has moved from https://sifuochwingchun.com/?p=514 to https://sifuochwingchun.com/wing-chun-street-fight-real-self-defense/
15:17:02	Warning: 	Moved Permanently for https://sifuochwingchun.com/?p=2492
15:17:02	Warning: 	File has moved from https://sifuochwingchun.com/?p=2492 to https://sifuochwingchun.com/struggling-and-wing-chun-gung-fu-power/
15:17:02	Warning: 	Moved Permanently for https://sifuochwingchun.com/?p=1676
15:17:02	Warning: 	File has moved from https://sifuochwingchun.com/?p=1676 to https://sifuochwingchun.com/best-martial-arts-self-defense/
15:17:02	Warning: 	Moved Permanently for https://sifuochwingchun.com/?p=3538
15:17:02	Warning: 	File has moved from https://sifuochwingchun.com/?p=3538 to https://sifuochwingchun.com/modern-wing-chun-kung-fu-for-combat/
15:17:02	Warning: 	Moved Permanently for https://sifuochwingchun.com/?p=2449
15:17:02	Warning: 	File has moved from https://sifuochwingchun.com/?p=2449 to https://sifuochwingchun.com/anger-gung-fu-lakeland-fl-gung-fu/sifu-och-wing-chun-kung-fu-lakeland-florida-martial-arts-gung-fu-class-171/
15:17:02	Warning: 	Moved Permanently for https://sifuochwingchun.com/?p=2618
15:17:02	Warning: 	File has moved from https://sifuochwingchun.com/?p=2618 to https://sifuochwingchun.com/northern-long-fist/
15:17:02	Warning: 	Moved Permanently for https://sifuochwingchun.com/?p=1293
15:17:02	Warning: 	File has moved from https://sifuochwingchun.com/?p=1293 to https://sifuochwingchun.com/wing-chun-history-sacrifice/
15:17:02	Warning: 	Moved Permanently for https://sifuochwingchun.com/?p=6769
15:17:02	Warning: 	File has moved from https://sifuochwingchun.com/?p=6769 to https://sifuochwingchun.com/wing-chun-wooden-dummy-training/wing-chun-wooden-dummy-training-2/
15:17:02	Warning: 	Moved Permanently for https://sifuochwingchun.com/?p=7969
15:17:02	Warning: 	File has moved from https://sifuochwingchun.com/?p=7969 to https://sifuochwingchun.com/little-lions-preschool-martial-arts-lakeland-3/
15:17:02	Warning: 	Moved Permanently for https://sifuochwingchun.com/?p=5535
15:17:02	Warning: 	File has moved from https://sifuochwingchun.com/?p=5535 to https://sifuochwingchun.com/the-sil-lum-temple-destruction/

HTTrack Website Copier/3.49-2 mirror complete in 36 minutes 44 seconds : 3726 links scanned, 3323 files written (253870405 bytes overall) [220862047 bytes received at 100209 bytes/sec], 50107873 bytes transferred using HTTP compression in 1734 files, ratio 24%, 2.0 requests per connection
(61 errors, 679 warnings, 0 messages)
